primer	site	class	id	dist.count	dist.mean	dist.variance	dist.standard_deviation	dist.min	dist.max	dist.median	dist.harmonic_mean	dist.geometric_mean	hght.count	hght.mean	hght.variance	hght.standard_deviation	hght.min	hght.max	hght.median	hght.harmonic_mean	hght.geometric_mean	tree.calc_tree_length	tree.calc_redundancy	tree.calc_gamma	tree.calc_fiala_stemminess	tree.calc_imbalance	tree.calc_i2	tree.calc_fp_mean	tree.calc_es_mean	tree.calc_pe_mean	tree.calc_shapley_mean	tree.to_newick
F04R22	BelleairBlvd	post	152	3	0.06494	0.000952741300000001	0.0308665077389717	0.03066	0.09053	0.07363	0.0524079086720302	0.0589033267726035	5	0.977389809728716	0.00281245165951405	0.0530325528285604	0.937425628327945	1.0698703078236	0.961927713739678	0.975224341467145	0.976284531476748	1.11305095135642	0.94347452432179	-1.656747910	0.0835200398307194	1	1	0.371016983785473	0.371016983785473	0.0545091770135942	0.0585417743428249	(38736:0.030776,(2047:0.120347,40167:0.012404):0.012098):0.937426;
F04R22	BelleairBlvd	post	357	6	0.0135316666666667	6.62261666666661e-06	0.00257344451400581	0.00992	0.01725	0.013565	0.0131140561767267	0.0133240029380657	7	0.991176180216385	0.000137085058449967	0.0117083328638183	0.973925769340217	1.00615472173666	0.997796658400748	0.991057287273563	0.99111679029622	1.0617667384853	0.979411087171565	-2.372361727	0.0687922380516304	1	0.666666666666667	0.265441684621326	0.265441684621326	0.0198382048050734	0.0219602422862718	(18229:0.023871,(21283:0.016066,(11582:0.023741,18942:0.015675):0.000520):0.007968):0.973926;
F04R22	BelleairBlvd	pre	19	3	0.06644	0.0001112061	0.0105454302899408	0.05595	0.07704	0.06633	0.0653174897158687	0.0658782601290338	5	0.972648156502481	0.00476075860231973	0.0689982507192735	0.891522782266333	1.05373415904524	0.971718000246073	0.968727250123066	0.970687163460941	1.13675921748759	0.931620391256203	-1.565279615	0.368082222724192	1	1	0.378919739162531	0.378919739162531	0.0550137390805069	0.0817454784070869	(31308:0.027363,(40749:0.082016,11578:0.055662):0.080195):0.891523;
F04R22	BelleairBlvd	pre	7	10	0.06135	0.000525690733333335	0.0229279465572767	0.02997	0.1069	0.0661	0.0536493254574331	0.057464396843677	9	0.964720171619661	0.00357119169791931	0.0597594486078922	0.907694491766042	1.06510505394662	0.958063600227144	0.961558245209186	0.963117482594907	1.31751845542306	0.920620386144236	-2.586319850	0.0968535884112694	0.333333333333333	0.222222222222222	0.263503691084611	0.263503691084611	0.0717035775127769	0.0819647927314026	((19198:0.146508,(11778:0.106502,37014:0.020415):0.050511):0.000398,(25810:0.035122,3727:0.049972):0.000398):0.907694;
F04R22	BelleairBlvd	pre	194	10	0.084056	0.00229155722666667	0.0478702123106496	0.01027	0.1222	0.1082	0.0358375531739883	0.0611935121990387	9	0.972138486227978	0.00747783274239322	0.0864744629494351	0.910321558700284	1.11570046771494	0.929288541545744	0.965791178808756	0.968881770082497	1.2507536239482	0.937311594012949	-2.992994117	0.119442821764704	1	0.5	0.250150724789641	0.250150724789641	0.0467677490142037	0.0680864130495838	((34508:0.023966,(7860:0.018143,(18315:0.092682,4930:0.098786):0.105769):0.000281):0.000543,9289:0.000262):0.910322;
F04R22	BelleairBlvd	pre	369	3	0.06728	0.000259212900000001	0.0161000900618599	0.0544	0.08533	0.06211	0.0649322151750078	0.0660623560299356	5	0.946763273547927	0.00733386831595473	0.085638007426345	0.866611236488894	1.05139169339193	0.928930593498832	0.940666748860445	0.943694400034331	1.26618363226036	0.866908183869818	-1.728801181	0.0024092515258593	1	1	0.422061210753454	0.422061210753454	0.132992833669874	0.13319079859049	(25668:0.153066,(40819:0.061725,12039:0.184187):0.000594):0.866611;
F04R22	BelleairBlvd	pre	439	6	0.106988333333333	0.00414297973666667	0.064365982760047	0.00997	0.1805	0.10311	0.0413164623877845	0.0785473152003361	7	0.964180329848115	0.00783481120823441	0.0885144689202528	0.876903387825079	1.15451669765533	0.943336633424287	0.958011854528711	0.960969425448496	1.25073769106319	0.916420769645602	-2.039387670	0.474911039025634	0	0	0.312684422765798	0.312684422765798	0.0638205394441359	0.0934585758095284	((40855:0.018951,10740:0.000309):0.052119,(1436:0.211180,28325:0.024842):0.066433):0.876903;
F04R22	BelleairBlvd	pre	427	15	0.130125333333333	0.00629839079809524	0.0793624016653682	0.01919	0.25655	0.11439	0.065812221342399	0.0996317277291976	11	0.970015064723549	0.00890543523331484	0.0943686136028014	0.751091824839503	1.08111575295476	0.993987294115022	0.960468390773124	0.965453246735077	1.32983428804096	0.934033142391808	-0.9198564113	0.302438301723253	0.6	0.233333333333333	0.221639048006827	0.221639048006827	0.0462749669524282	0.0964570772002432	(22395:0.099260,((38594:0.022389,(20074:0.009772,12983:0.022338):0.001021):0.041347,(37833:0.052592,7246:0.071299):0.067969):0.190756):0.751092;
F04R22	BelleairBlvd	mixed	146	3	0.0517266666666667	0.000297702433333333	0.0172540555619058	0.03281	0.0666	0.05577	0.0473004715663116	0.049578536339019	5	0.983047020016316	0.00150307097437485	0.0387694592994905	0.947163074449344	1.04748702427259	0.968072025632234	0.981865359836489	0.982449282383663	1.08476489991842	0.957617550040789	-1.618443996	0.174511545293073	1	1	0.361588299972807	0.361588299972807	0.0388976247620624	0.045867275156359	((33947:0.079415,40554:0.019490):0.020909,16930:0.017788):0.947163;
F04R22	BelleairBlvd	mixed	342	3	0.0148066666666667	5.73333333326459e-09	7.57187779435497e-05	0.01472	0.01486	0.01484	0.0148064078196593	0.0148065373602908	5	0.990396252195979	0.000173001097121928	0.0131529881442176	0.975762899342833	1.0001951981261	0.999674669789837	0.990255828683	0.990326151660373	1.04801873902011	0.975990630489947	-1.729039854	0.00942126514131898	1	1	0.349339579673368	0.349339579673368	0.0239334591276813	0.0240852798924241	(40600:0.023912,(32941:0.023912,39634:0.023977):0.000455):0.975763;
F04R22	BayfrontPark	pre	721	3	0.0354666666666667	0.000522164933333333	0.0228509285004643	0.00964	0.05306	0.0437	0.0206236135549492	0.0281692470613512	5	0.983905260926189	0.00173067445646913	0.0416013756559699	0.919344580064815	1.02895478087046	1.00018172456613	0.982460073367752	0.983188961594531	1.08047369536905	0.959763152315474	-1.404420633	0.734654555463804	1	1	0.360157898456351	0.360157898456351	0.0267639902676399	0.0537097051014124	((40669:0.028773,25948:0.000424):0.080837,6385:0.051095):0.919345;
F04R22	BayfrontPark	pre	2343	10	0.105434	0.00189933355999999	0.0435813441738549	0.0249	0.17149	0.11346	0.0786882681480816	0.0941396165971967	9	0.946464907001404	0.00981717345498656	0.0990816504454107	0.790473733986759	1.10466282635486	0.954174189665549	0.937028771780772	0.941780470807099	1.48181583698736	0.87954604075316	-1.883357509	0.149311931539149	1	0.5	0.296363167397472	0.296363167397472	0.105528329464362	0.13826842060012	((22567:0.212851,(4881:0.025707,(10366:0.038976,20086:0.150489):0.006678):0.121457):0.035566,4149:0.099619):0.790474;
F04R22	BayfrontPark	pre	2352	6	0.0337216666666667	0.000352253016666666	0.0187684047448542	0.01566	0.05723	0.028755	0.0256974249717655	0.029364761557899	7	0.977031688936201	0.00181129847394468	0.0425593523675429	0.913776488660325	1.02651489852971	0.97831293114141	0.97542862805255	0.976232310855972	1.16077817744659	0.946407274184469	-2.164554852	0.27954149977195	1	0.666666666666667	0.290194544361648	0.290194544361648	0.0456163115762959	0.0617504221965671	(17275:0.112738,(5533:0.000534,(22052:0.028051,34927:0.041142):0.031181):0.033356):0.913776;
F04R22	BayfrontPark	pre	2707	10	0.066868	0.000503854906666666	0.0224467126026656	0.0208	0.08946	0.075305	0.0549238189478149	0.0618874300573192	9	0.949290838398773	0.00779511662928178	0.0882899576921508	0.812222769837358	1.07630270173395	0.948967247636543	0.942039089046106	0.945655154848423	1.45638245441104	0.88590438639724	-2.269281649	0.285381192098792	0.333333333333333	0.222222222222222	0.291276490882208	0.291276490882208	0.0868945741296653	0.128831936914736	((10470:0.179040,(16342:0.117120,24434:0.045119):0.057619):0.085040,(17369:0.069716,33296:0.023478):0.067028):0.812223;
F04R22	BayfrontPark	pre	2670	10	0.034672	7.99408622222222e-05	0.0089409653965454	0.01962	0.04747	0.03266	0.0324706274247598	0.0335924826135702	9	0.959219947348123	0.00474467043926574	0.068881568211429	0.867309723829166	1.08588208662408	0.96490014588259	0.954904915888441	0.957048418784107	1.36702047386689	0.908244881533276	-2.465317387	0.157490465907176	1	0.5	0.273404094773379	0.273404094773379	0.0778585441923638	0.0999421500075457	(27489:0.074576,(((34802:0.108154,1241:0.015217):0.076840,3743:0.113499):0.013834,4121:0.077846):0.019744):0.867310;
F04R22	BayfrontPark	pre	2660	3	0.05222	0.000192973299999999	0.0138914830021851	0.03809	0.06586	0.05271	0.0496614208156304	0.0509458217499376	5	0.932247557003257	0.0110103842052216	0.104930377895162	0.818054909260121	1.06042677657382	0.926078574752377	0.922863772815674	0.927536146015273	1.33876221498371	0.830618892508143	-1.602011539	0.090279436350609	1	1	0.446254071661238	0.446254071661238	0.165193113075849	0.173569101907864	(37293:0.242372,(6037:0.082896,35138:0.170312):0.025128):0.818055;
F04R22	BayfrontPark	pre	2815	3	0.0298	0.0001865703	0.0136590739071139	0.01757	0.04454	0.02729	0.0258597540085674	0.0277443893153628	5	0.947605719501065	0.0129437162873649	0.113770454369159	0.85400060845756	1.13163979312443	0.885488287191968	0.937634963660213	0.942458923710662	1.26197140249468	0.869014298752662	-1.567200959	0.10758665794637	1	1	0.420657134164892	0.420657134164892	0.125981137815637	0.135990264679039	((24444:0.001460,26619:0.247612):0.030027,7412:0.128871):0.854001;
F04R22	BayfrontPark	pre	6	10	0.196728	0.0225969737066667	0.150322898144849	0.0397	0.43358	0.12266	0.105111373963057	0.144078164990437	9	0.909896603789765	0.097954698033651	0.312977152574515	0.245872267703079	1.32400975771107	1.00026875051683	0.722977808612672	0.835906979862745	1.81093056589211	0.797267358526972	1.104796514	0.368574811821617	1	0.5	0.362186113178423	0.362186113178423	0.141989856390749	0.313011659637807	(17130:0.415771,(((39100:0.223028,39911:0.034007):0.100713,8808:0.002067):0.158322,35834:0.035075):0.596075):0.245872;
F04R22	BayfrontPark	mixed	2681	3	0.0677733333333333	0.000442354433333332	0.0210322236896941	0.04353	0.08114	0.07865	0.0624849016695611	0.0652490409242335	5	0.938235875298302	0.0117939622723171	0.108600010461865	0.845247685783338	1.11100639924607	0.938135554575993	0.928863151418783	0.933433590797635	1.30882062350849	0.845589688245755	-1.728430048	0.00184524541764055	1	1	0.436273541169496	0.436273541169496	0.154296310933439	0.154524312575051	((2111:0.265075,2564:0.104926):0.000684,12269:0.092888):0.845248;
F04R22	RyanCt	post	1261	15	0.0415186666666667	0.000473538369523809	0.0217609367795554	0.01606	0.06694	0.05353	0.0301758609151295	0.0355429482532905	11	0.984613967201032	0.0022982661447589	0.0479402351345808	0.944490510410908	1.07266906209692	0.966141514648977	0.982581767053166	0.983582798422465	1.16924636078865	0.96615072784227	-3.273031476	0.204973289259516	0.6	0.233333333333333	0.194874393464775	0.194874393464775	0.0204225784656962	0.0374593083962901	(((12630:0.016261,(25332:0.031187,20214:0.015432):0.091602):0.005044,(18431:0.015870,4914:0.021121):0.005228):0.000345,39746:0.022664):0.944491;
F04R22	RyanCt	post	1304	6	0.0785933333333333	0.000194840506666666	0.0139585280981437	0.05498	0.09497	0.07888	0.0762194919766361	0.0774587919151979	7	0.951504269879866	0.00400430762552946	0.0632795988098018	0.864969842422711	1.02526289196956	0.983326491300091	0.947832616976339	0.949677921408809	1.33947011084094	0.886843296386354	-2.168835285	0.143172624460062	0	0	0.334867527710235	0.334867527710235	0.102219976631825	0.118625067104557	((3192:0.096662,10305:0.138599):0.021695,(29859:0.077936,38844:0.095683):0.043926):0.864970;
F04R22	RyanCt	post	1357	6	0.359008333333333	0.0358838533366667	0.18943033900795	0.07432	0.52855	0.384345	0.222733275914027	0.29822440193056	7	0.905632013171788	0.0239326974625203	0.154701963344103	0.6812391502765	1.16142240993611	0.928009735669417	0.882584519586754	0.894167243082945	1.66057590779748	0.779808030734172	-1.361775644	0.364190396723765	1	0.666666666666667	0.415143976949371	0.415143976949371	0.189623637632657	0.244834189380246	((26557:0.171906,(35025:0.050697,15289:0.055708):0.145978):0.074864,34734:0.480183):0.681239;
F04R22	RyanCt	post	4579	6	0.17671	0.00493625836000001	0.0702585109435149	0.1146	0.2667	0.15011	0.156772486552733	0.165984371563875	7	0.970390284840171	0.0209832521398936	0.144855970328784	0.792667720746082	1.13532065867109	0.940650187034823	0.951367603565709	0.960930695287212	1.2072680061188	0.930910664627066	-1.549471726	0.401873383780033	1	0.666666666666667	0.301817001529701	0.301817001529701	0.0369184888100472	0.10365007134318	(9823:0.000180,((25877:0.075727,33368:0.071587):0.119124,18587:0.000180):0.147803):0.792668;
F04R22	RyanCt	post	4746	3	0.0315866666666667	1.38441333333329e-05	0.00372077052951844	0.0273	0.03398	0.03348	0.0312735558896823	0.0314333371172999	5	0.978350281277978	0.00381365274393741	0.0617547791181979	0.918315806352473	1.05393054237877	0.973435600037415	0.975253658764489	0.976797400674287	1.10824859361011	0.945875703194944	-1.728291745	0.291128520008469	1	1	0.369416197870038	0.369416197870038	0.0449376645242327	0.06331092908588	(15858:0.000601,(23944:0.080495,5696:0.053717):0.055120):0.918316;
F04R22	RyanCt	post	4764	3	0.02152	1.44676e-05	0.00380362984529252	0.01736	0.02482	0.02238	0.0210413316113686	0.0212848467063516	5	0.988611231426071	0.000297423038555511	0.0172459571655362	0.971342449769732	1.01127915918995	0.990753918093504	0.988371031393068	0.988491046896201	1.05694384286964	0.971528078565178	-1.729617236	0.00560897435897436	1	1	0.352314614289881	0.352314614289881	0.0284100451696736	0.0285337976999708	((17112:0.026253,7382:0.039565):0.000371,25230:0.019411):0.971342;
F04R22	RyanCt	post	4843	3	0.0710266666666667	0.00127203573333333	0.0356656099531935	0.02996	0.09424	0.08888	0.0543083072878734	0.0630754528864819	5	0.975223653605296	0.00341035242798093	0.0583982228152615	0.885601180891036	1.03001431383074	0.990517087135445	0.972314634386661	0.973787434726282	1.12388173197352	0.93805913401324	-1.322984740	0.610251073240536	1	1	0.374627243991173	0.374627243991173	0.0444548816126916	0.0794268503608278	(423:0.066358,(15259:0.027509,39016:0.039497):0.104916):0.885601;
F04R22	RyanCt	post	4920	6	0.0884783333333333	0.000186399736666668	0.0136528288887933	0.06923	0.10522	0.091455	0.086625569138983	0.0875656690625565	7	0.960451025499789	0.00904259261314788	0.0950925476215033	0.838648219550919	1.07284450636685	0.97299679227554	0.952230542325687	0.956359804914225	1.27684282150147	0.907719059499509	-2.005231001	0.213275803314349	1	0.666666666666667	0.319210705375369	0.319210705375369	0.0759615073064835	0.109548650487639	(((14630:0.099848,33013:0.079603):0.061485,8556:0.111408):0.072864,17938:0.012986):0.838648;
F04R22	RyanCt	post	5052	3	0.0169666666666667	3.02643333333324e-06	0.00173966471865507	0.01496	0.01805	0.01789	0.0168403343849922	0.0169046576567406	5	0.987488752203336	0.000316326215882956	0.0177855620063847	0.968444537576886	1.00779025478571	0.995846019204457	0.98723172866013	0.987360360000544	1.06255623898332	0.968721880508339	-1.728434080	0.00831485587583149	1	1	0.354185412994441	0.354185412994441	0.0311856718478435	0.0313705671354789	((27708:0.027365,40027:0.038791):0.000555,31099:0.027401):0.968445;
F04R22	RyanCt	post	5070	3	0.01296	1.09213e-05	0.003304739021466	0.0094	0.01593	0.01355	0.0123477951207341	0.0126598232270189	5	0.990190666700428	0.000252226818825196	0.0158816503810277	0.975210796850075	1.01281239713367	0.989074013116249	0.98998801626606	0.9900891505858	1.04904666649786	0.97547666675107	-1.728539046	0.0146750524109015	1	1	0.349682222165953	0.349682222165954	0.0244347099485985	0.0246119565492619	(19464:0.037602,(17091:0.013331,15464:0.022371):0.000532):0.975211;
F04R22	RyanCt	post	5025	6	0.01739	2.56707999999996e-06	0.00160221097237535	0.01491	0.01997	0.017365	0.0172663072746836	0.0173283020913846	7	0.985711255519775	0.000331964494909206	0.0182198928347344	0.966081104533447	1.0053414065061	0.995121386837386	0.98542177545064	0.985566641878969	1.10002121136158	0.966659596212808	-2.440472584	0.00731508636235293	1	0.666666666666667	0.275005302840394	0.275005302840394	0.0331957808673519	0.0334850267070325	(((6690:0.028462,21251:0.038103):0.000578,24307:0.028462):0.000578,40448:0.037756):0.966081;
F04R22	RyanCt	post	5100	10	0.048802	0.00027896672888889	0.0167022971141364	0.02801	0.07762	0.04642	0.043937399640344	0.0462975036005681	9	0.970185199331178	0.00204751522576951	0.0452494776297972	0.892979909861737	1.04091869732386	0.961315662159754	0.968298594071856	0.969243634245296	1.2683332060194	0.932916698495149	-2.414389320	0.0861320283019011	1	0.5	0.253666641203881	0.253666641203881	0.0626575509892293	0.0750706592315331	(19134:0.099114,(39247:0.032210,((36211:0.031001,35240:0.064580):0.000509,1495:0.086383):0.025431):0.036125):0.892980;
F04R22	RyanCt	post	5183	6	0.0190316666666667	2.40234166666666e-05	0.00490136885641824	0.01234	0.02481	0.019845	0.0178925573987682	0.0184715810799958	7	0.985439259901397	0.000430152221285063	0.0207401114096589	0.962609045263719	1.01897130461613	0.990285270824957	0.985067320621102	0.985252915203685	1.10192518069022	0.966024939769926	-2.383644585	0.0850565411631908	1	0.666666666666667	0.275481295172556	0.275481295172556	0.0324073641200176	0.0348290338566259	(((38958:0.018289,35414:0.027863):0.009126,3196:0.055801):0.000561,30579:0.027676):0.962609;
F04R22	RyanCt	post	5205	3	0.0177733333333333	1.48092333333332e-05	0.00384827667058038	0.01402	0.02171	0.01759	0.0172177413192414	0.0174940847251232	5	0.988266718706168	0.00038376677109131	0.0195899660819336	0.961116735171791	1.01340423715376	0.988266718706168	0.987955215406547	0.988111104056491	1.05866640646916	0.97066679676542	-1.607054365	0.271309771309771	1	1	0.352888802156387	0.352888802156387	0.0261498493700374	0.0325165570991231	(2098:0.027150,(21180:0.018112,39300:0.033187):0.019100):0.961117;
F04R22	RyanCt	post	5227	3	0.01996	1.70043999999999e-05	0.00412363916947153	0.01528	0.02306	0.02154	0.0193254869171662	0.0196521220221906	5	0.987468694503893	0.000345712638551099	0.0185933493096617	0.960407085287555	1.00562360548245	0.993943809480443	0.987185975583547	0.987327770208332	1.06265652748053	0.968671736259733	-1.624284695	0.240556660039761	1	1	0.354218842493511	0.354218842493511	0.0285733800828742	0.0340831473976595	((15004:0.023496,11443:0.028687):0.016529,12958:0.033537):0.960407;
F04R22	RyanCt	post	5239	6	0.02557	0.00013272164	0.011520487836893	0.00796	0.03779	0.02737	0.0191881563245761	0.022678587310712	7	0.986032324044407	0.000796859344920353	0.0282286971877973	0.934436812049988	1.01872051642804	0.992832905735331	0.985326239614388	0.985681522516025	1.09777373168915	0.967408756103617	-2.085844557	0.367456521703958	1	0.666666666666667	0.274443432922287	0.274443432922287	0.0262352064884548	0.0408342299097906	((34874:0.037772,(20317:0.000463,16351:0.025888):0.017876):0.040520,34831:0.040818):0.934437;
F04R22	RyanCt	post	5398	6	0.0141466666666667	4.21154666666659e-06	0.00205220531786335	0.00996	0.01505	0.01497	0.0138217637906004	0.013997887519398	7	0.99053639755686	0.000147338839087426	0.012138321098382	0.974846115454999	1.00016636167027	0.999600731991349	0.990408267370834	0.990472436380082	1.06624521710198	0.977918260966007	-2.388263965	0.103100779241436	1	0.666666666666667	0.266561304275495	0.266561304275495	0.0206704375311928	0.0228497754117451	((39556:0.024788,(29820:0.016536,12439:0.016603):0.008218):0.000499,15798:0.024755):0.974846;
F04R22	RyanCt	post	5410	3	0.01668	3.33799e-05	0.00577753407605701	0.01001	0.02013	0.0199	0.015012876916931	0.0158870639214499	5	0.989079170542212	0.000408511837205916	0.0202116757644169	0.97246812934289	1.02220276850687	0.98881654538491	0.988754219781656	0.988915784088934	1.05460414728894	0.972697926355529	-1.729031513	0.00698602794411178	1	1	0.351534715762981	0.351534715762981	0.0272254746402583	0.0273786726486841	((7629:0.016053,3272:0.049275):0.000460,35045:0.016348):0.972468;
F04R22	RyanCt	post	5416	6	0.015475	3.90203e-06	0.00197535566417797	0.0132	0.01771	0.015525	0.0152626803078809	0.0153689466070743	7	0.989048786132656	0.000201090658163761	0.0141806437852363	0.973970838698957	1.00710339384373	0.994043118846841	0.988874343435171	0.988961590120311	1.07665849707141	0.974447167642864	-2.441853516	0.00896245913344106	1	0.666666666666667	0.269164624267852	0.269164624267852	0.0254309807668342	0.0256719145931126	(23908:0.033133,((9311:0.019109,19251:0.024758):0.000498,1738:0.024725):0.000465):0.973971;
F04R22	RyanCt	post	5442	3	0.0132533333333333	8.28343333333334e-06	0.0028780954350635	0.00993	0.01492	0.01491	0.01277693232159	0.0130236256688283	5	0.991673644371504	0.000138549131508015	0.0117706895086063	0.975047727501088	1.00010047894966	0.99993301403356	0.9915611663977	0.991617522394317	1.04163177814248	0.97918411092876	-1.677026171	0.199193548387097	1	1	0.34721059271416	0.34721059271416	0.0194370945953489	0.0221946835471302	((4427:0.016613,23030:0.016646):0.008273,9383:0.025053):0.975048;
F04R22	RyanCt	post	5464	6	0.0183516666666667	2.16848566666668e-05	0.00465670019076457	0.01245	0.02501	0.01752	0.0173856205805938	0.0178627823116864	7	0.988108630617568	0.000316342701185561	0.0177860254465566	0.96657583560411	1.01624126063515	0.991541878119714	0.987834825429335	0.987971623678807	1.08323958567702	0.972253471440992	-2.336052545	0.146633921492563	0	0	0.270809896419256	0.270809896419256	0.0249077106405673	0.0291659375182287	((26458:0.033233,13284:0.024899):0.000467,(24637:0.008400,13667:0.033099):0.016566):0.966576;
F04R22	RyanCt	post	5471	6	0.0166716666666667	6.81053666666655e-06	0.00260970049367098	0.01243	0.02004	0.01748	0.0162957665870463	0.0164895967194049	7	0.988655064408451	0.000219099311370356	0.0148020036268863	0.970601787853654	1.00448220105395	0.995534554837845	0.988464513869098	0.988559884956647	1.07941454914084	0.973528483619719	-2.391997838	0.0871545457670755	0	0	0.26985363728521	0.26985363728521	0.0250081684972478	0.0272031903217969	((40613:0.016655,7334:0.025000):0.008277,(25815:0.033378,16160:0.025000):0.000503):0.970602;
F04R22	RyanCt	post	5478	3	0.015	7.50000000000967e-09	8.66025403784997e-05	0.0149	0.01505	0.01505	0.0149996655518395	0.0149998329611028	5	0.989924857633858	0.000190402938216039	0.0137986571164023	0.974559423122283	1.00016848064157	0.999663038716851	0.989770198087732	0.989847656331298	1.05037571183071	0.974812144084645	-1.728716949	0.00996677740863787	1	1	0.350125237276904	0.350125237276904	0.0251036155945682	0.0252720962361425	((37540:0.025104,1942:0.025104):0.000505,40292:0.025104):0.974559;
F04R22	RyanCt	post	5325	10	0.015608	5.43339555555547e-06	0.00233096451186102	0.00994	0.01775	0.01523	0.0151994882433006	0.0154217671444714	9	0.988970978541555	0.00018506321617151	0.0136037941829296	0.972695097498284	1.00677576067502	0.998297649006177	0.988804223405131	0.988887668251129	1.099261193126	0.9751847017185	-2.781355206	0.0724634675317514	0.333333333333333	0.222222222222222	0.2198522386252	0.2198522386252	0.0234291943102451	0.0253132191255433	((31120:0.025064,38852:0.025098):0.000538,((33649:0.016721,7196:0.016721):0.008344,33671:0.033542):0.000538):0.972695;
F04R22	RyanCt	post	5483	3	0.02008	1.94311000000001e-05	0.00440807214097049	0.01499	0.02263	0.02262	0.0193412455409359	0.0197239062281342	5	0.986823065117299	0.000423102042756751	0.0205694443959177	0.966827450120588	1.01612584959439	0.991920631440473	0.986482016876772	0.98665220866765	1.06588467441351	0.967057662793247	-1.729058063	0.0092531394580304	1	1	0.355294891471169	0.355294891471169	0.0328655996491997	0.0330190747643061	((26023:0.024633,35194:0.024666):0.000460,30625:0.049298):0.966827;
F04R22	RyanCt	post	5506	3	0.018	1.55725000000001e-05	0.00394620070447514	0.01465	0.02235	0.017	0.0174595591406562	0.0177223519842934	5	0.988360941097198	0.00049272535943734	0.0221974178551772	0.967230052220787	1.01618282890673	0.975551687349093	0.987965194618154	0.988162539504561	1.05819529451401	0.970902352742995	-1.683964326	0.0888707704851203	1	1	0.352731764838003	0.352731764838003	0.0278735470829356	0.0303217474310742	((8918:0.033691,38929:0.041608):0.007345,8801:0.008322):0.967230;
F04R22	RyanCt	post	5556	6	0.0178533333333333	4.25733066666668e-05	0.00652482234751773	0.01033	0.02547	0.01776	0.015823296882765	0.0168196656703414	7	0.987540317959297	0.00043028451744694	0.0207433005437163	0.970447140494785	1.01262340979419	0.971396761465036	0.987169252657625	0.987354369233365	1.08721777428492	0.970927408571694	-2.441964655	0.00632384623200832	1	0.666666666666667	0.27180444357123	0.27180444357123	0.0289552532049708	0.0291926584475334	(((11252:0.041227,23434:0.032909):0.000458,10766:0.000458):0.000491,21321:0.041227):0.970447;
F04R22	RyanCt	post	5589	6	0.0392216666666667	0.000476553736666666	0.0218301107799907	0.01482	0.06527	0.040045	0.0283091672674006	0.0335451046371699	7	0.97212263422767	0.00363768433461035	0.0603132185728	0.926734385130754	1.09939053382321	0.952185001080614	0.969172600004856	0.970605801661394	1.19514156040631	0.934952813197896	-2.330920321	0.0776528516698785	1	0.666666666666667	0.298785390101578	0.298785390101578	0.0629522368705425	0.0671017938188891	(29931:0.025796,(1590:0.164599,(6924:0.052561,16867:0.008852):0.008541):0.008057):0.926734;
F04R22	RyanCt	post	5745	10	0.024136	9.70658222222245e-06	0.00311553883336774	0.01707	0.02728	0.024695	0.0237062507510334	0.0239333841296973	9	0.9817129253909	0.000497130124498479	0.0222964150593426	0.956366484830949	1.0091882317241	0.991333987283262	0.981261391089643	0.981487370971763	1.1645836714819	0.958854082129524	-2.936979246	0.0438788205770232	0.333333333333333	0.222222222222222	0.23291673429638	0.23291673429638	0.0397662717091381	0.0416434373301906	((8878:0.042871,(12343:0.026076,23236:0.034156):0.008327):0.000565,(31369:0.043401,874:0.052328):0.000494):0.956366;
F04R22	RyanCt	post	5764	6	0.0459216666666667	0.000188743736666667	0.0137384037161043	0.02837	0.06326	0.047935	0.0422427118257959	0.0441003170850152	7	0.96823133638042	0.00422170718418332	0.0649746657104392	0.896061318827023	1.09015284298857	0.951749566354563	0.964687582575034	0.966427448614144	1.22238064533706	0.925873118220979	-2.167197879	0.107200150504393	1	0.666666666666667	0.305595161334266	0.305595161334266	0.067657769745625	0.0815798316275099	(((35992:0.138403,35362:0.062917):0.021941,722:0.033602):0.033747,28786:0.035709):0.896061;
F04R22	RyanCt	post	5775	6	0.0191883333333333	1.49853366666668e-05	0.00387108985515278	0.01433	0.02366	0.019285	0.0185174716108398	0.0188543903353854	7	0.984570291716449	0.000458836852713714	0.0214204774156346	0.963632763513959	1.01613283423065	0.983659730145111	0.984172666863662	0.984371161514247	1.10800795798486	0.963997347338381	-2.444570419	0.00812073448163796	0	0	0.277001989496214	0.277001989496214	0.0358203607494083	0.0360937986177244	((37451:0.037263,39563:0.051972):0.000528,(31900:0.034585,2131:0.019461):0.000566):0.963633;
F04R22	RyanCt	post	4997	3	0.0155933333333333	3.44933333333249e-07	0.000587310253046249	0.01492	0.016	0.01586	0.0155782788688474	0.0155858561260798	5	0.987466071860471	0.000298222571657458	0.0172691219133301	0.968383005025396	1.00309048399667	0.998172583375883	0.987223053901034	0.987344791629745	1.06266964069764	0.968665179651178	-1.728371464	0.00875	1	1	0.354223213565881	0.354223213565881	0.0312407621402273	0.0314288785574158	(17694:0.029790,(682:0.029790,26945:0.034143):0.000564):0.968383;
F04R22	RyanCt	post	5820	6	0.0152583333333333	8.13917666666669e-06	0.00285292423079666	0.01232	0.01972	0.01492	0.014837446455906	0.0150433274848399	7	0.987374966562737	0.00030915214249531	0.0175827228407693	0.966817079534641	1.00778667976384	0.986953985941001	0.987106603899529	0.987240776540016	1.08837523406084	0.970541588646387	-2.376627740	0.0857632473826546	1	0.666666666666667	0.27209380851521	0.27209380851521	0.0277394071481925	0.0303895386315499	(11603:0.020137,(1524:0.040397,(31276:0.030287,3042:0.020137):0.010028):0.000573):0.966817;
F04R22	RyanCt	post	5873	10	0.0314	8.27394444444445e-05	0.00909612249502196	0.00999	0.04112	0.033515	0.0267413775244542	0.0295604702752529	9	0.981043209063263	0.000714048459563132	0.0267216851931747	0.935400212189084	1.01510980438385	0.980750428192024	0.980388921360844	0.980717268397285	1.17061111843063	0.957347220392342	-2.620531351	0.276400904309482	0.333333333333333	0.222222222222222	0.234122223686127	0.234122223686127	0.032258288202703	0.0470421812483098	((36263:0.048540,(25951:0.042577,16319:0.035538):0.023265):0.013869,(12888:0.008564,20928:0.026073):0.036786):0.935400;
F04R22	RyanCt	post	5897	3	0.0132466666666667	1.6726333333334e-06	0.0012933032642553	0.01249	0.01474	0.01251	0.0131669783605485	0.0132060339837494	5	0.989474383856645	0.000224875190280027	0.0149958390988976	0.973386860925744	1.00341637199904	0.993247015659479	0.98929206127918	0.989383303805649	1.05262808071677	0.973685959641613	-1.728113583	0.010073875083949	1	1	0.350876026905591	0.350876026905591	0.0262143407864302	0.0264137399303432	(25029:0.019860,(34392:0.029431,38018:0.029352):0.000598):0.973387;
F04R22	RyanCt	post	5914	6	0.01493	1.49999999999543e-08	0.000122474487138972	0.01478	0.01508	0.01488	0.0149291649726039	0.014929582114123	7	0.987208453343912	0.000254803357495614	0.0159625611195577	0.969576240492575	1.00048291681758	0.999356110909896	0.98698626213847	0.987097511593162	1.08954082659262	0.97015305780246	-2.440351881	0.00814704826599693	1	0.666666666666667	0.272385206648155	0.272385206648155	0.0296993842810576	0.0299911465250111	(18993:0.029780,((23949:0.029740,33719:0.029740):0.000604,7913:0.029538):0.000563):0.969576;
F04R22	RyanCt	post	5841	6	0.01464	6.76799999999207e-08	0.000260153800663993	0.01431	0.01492	0.01462	0.014636144981808	0.0146380728192633	7	0.987444325762309	0.000246948083229448	0.0157145818661983	0.970071948245632	1.00110844636127	0.99735988230315	0.98722910236748	0.987336852282298	1.08788971966384	0.97070342677872	-2.439597398	0.00858869745200881	1	0.666666666666667	0.27197242991596	0.27197242991596	0.0291420625163748	0.0294544428545517	((25090:0.029747,(18701:0.029787,16645:0.029747):0.000605):0.000645,16677:0.027288):0.970072;
F04R22	RyanCt	post	5993	3	0.0171266666666667	1.74812333333332e-05	0.00418105648530765	0.01249	0.02061	0.01828	0.0163676137875254	0.0167573577144363	5	0.987082130111852	0.000446241470632547	0.0211244282912591	0.967402680924578	1.01794428821831	0.986015308760293	0.986723543482509	0.986902316782818	1.06458934944074	0.967705325279631	-1.728111671	0.00770341839191141	1	1	0.354863116480246	0.354863116480246	0.0321937932686851	0.0323955561720533	(24371:0.018613,(17593:0.028032,1527:0.049936):0.000605):0.967403;
F04R22	RyanCt	pre	1348	6	0.221488333333333	0.00615445901666667	0.0784503602073736	0.09178	0.31552	0.219	0.188736625329895	0.206789793193263	7	0.932486235686803	0.0109738943127449	0.104756356908519	0.776665305332846	1.06347398061174	0.927695978333297	0.922016911406159	0.927309006941512	1.47259635019238	0.842467883269207	-1.640563468	0.304408684634369	0	0	0.368149087548095	0.368149087548095	0.124630827762612	0.173982761214883	((1977:0.053101,6113:0.104722):0.151031,(26383:0.240432,25672:0.100269):0.046377):0.776665;
F04R22	RyanCt	pre	1405	3	0.0399733333333333	0.000643146233333333	0.0253603279421488	0.01069	0.05472	0.05451	0.0230475850867371	0.0317102738041015	5	0.98713671473202	0.000498444680789634	0.022325874692599	0.949394018770404	1.00693188860423	0.996332807319052	0.986723360782683	0.986931608620347	1.0643164263399	0.967841786830051	-1.491878086	0.642952571810287	1	1	0.3547721421133	0.3547721421133	0.0260089571500674	0.0383074691898315	(16556:0.057538,(7166:0.010043,15838:0.010446):0.036896):0.949394;
F04R22	RyanCt	pre	1655	3	0.143886666666667	0.0135312952333333	0.116324095669527	0.00957	0.2118	0.21029	0.026322720863846	0.0752579131593674	5	0.950254212288952	0.025353428862432	0.159227600818551	0.874212635999236	1.23496850543997	0.878359853545958	0.932818873630302	0.940908423427071	1.24872893855524	0.875635530722379	-1.716261786	0.00768365817091454	1	1	0.416242979518414	0.416242979518414	0.123890171036573	0.124838767518668	(35944:0.004147,(18811:0.357910,12736:0.009613):0.002846):0.874213;
F04R22	RyanCt	pre	1920	6	0.270293333333333	0.0431005527466667	0.207606726159503	0.06463	0.49591	0.263875	0.134893781852556	0.192089180390336	7	0.87864490679867	0.0682639920324393	0.261273787495874	0.600433134813211	1.41943457074928	0.810268119865352	0.826776637383167	0.85051896941305	1.84948565240931	0.716838115863563	-1.562201304	0.301182115458496	1	0.666666666666667	0.462371413102328	0.462371413102328	0.25980438313599	0.312263129399025	(((29718:0.044208,2795:0.138533):0.070455,1993:0.037476):0.139380,39488:0.819001):0.600433;
F04R22	RyanCt	pre	5284	6	0.0191033333333333	1.41419866666666e-05	0.00376058328809064	0.01248	0.02246	0.01992	0.0183421838554075	0.0187475043505154	7	0.987411645910468	0.000281069599720407	0.0167651304713207	0.962268596432178	1.00414002019522	0.995725345001683	0.987166065382006	0.987289116490898	1.08811847862673	0.970627173791092	-2.318028944	0.127720006724843	1	0.666666666666667	0.272029619656681	0.272029619656681	0.0272972063278357	0.0314624705486368	(34283:0.033726,((33700:0.016796,33391:0.025210):0.008246,36068:0.033457):0.008415):0.962269;
F04R22	RyanCt	mixed	1397	3	0.06868	0.0024650101	0.0496488680636326	0.01147	0.10049	0.09408	0.0278384943635649	0.047686398562109	5	0.978840804253671	0.00171962792370839	0.0414683966860113	0.924416352688475	1.04023028979894	0.974242050776436	0.977447048557321	0.978141965997121	1.10579597873165	0.947102010634177	-1.447783453	0.691997851772288	1	1	0.368598659577215	0.368598659577215	0.045336103383922	0.0604598753477235	((33792:0.015740,5432:0.004454):0.045371,39759:0.115814):0.924416;
F04R22	RyanCt	mixed	1420	3	0.0813133333333333	0.000916072633333334	0.0302666918134991	0.04955	0.10982	0.08457	0.0729714515110993	0.077205304988722	5	0.972274070426004	0.00192158438543188	0.0438358801147175	0.913371090864319	1.01707091849298	0.970438315685792	0.970677855422397	0.971478292234353	1.13862964786998	0.930685176065009	-1.521349284	0.274524158125915	1	1	0.379543215956661	0.379543215956661	0.0635434622014282	0.0750861856685546	(29156:0.099120,(27777:0.022439,602:0.069072):0.034628):0.913371;
F04R22	RyanCt	mixed	1414	3	0.260093333333333	0.00967721943333336	0.0983728592312603	0.1584	0.35477	0.26711	0.23299821876909	0.246678181133819	5	0.91693556502197	0.030392024062547	0.174333083671881	0.761010297521216	1.21232348304431	0.882987287424949	0.894317083900264	0.904988318339491	1.41532217489015	0.792338912554926	-1.425334760	0.122705028410024	1	1	0.471774058296716	0.471774058296716	0.197218215767171	0.218103959122978	((19372:0.388656,25792:0.059320):0.062657,10631:0.143679):0.761010;
F04R22	RyanCt	mixed	1653	6	0.125303333333333	0.0113299812666667	0.10644238472839	0.00957	0.24213	0.12585	0.0353864904341131	0.0734099251360904	7	0.952968306841375	0.0184388012064403	0.135789547485955	0.887337757004391	1.2576538050345	0.894494561711978	0.939761178759394	0.945843295499698	1.32922185211037	0.890259382629875	-2.411845364	0.00765809650005105	1	0.666666666666667	0.332305463027593	0.332305463027593	0.109013156150876	0.110471023776496	((35944:0.004223,(18811:0.364485,12736:0.009790):0.002898):0.002933,21401:0.057555):0.887338;
F04R22	RyanCt	mixed	1741	3	0.02714	0.0001468831	0.0121195338194173	0.01428	0.03835	0.02879	0.022929133656804	0.0250752389475402	5	0.988316648812382	0.000489732440442259	0.0221298992415749	0.968187359166636	1.02155812493074	0.978626574563186	0.987925386891177	0.988120150732446	1.05841675593809	0.970791622030955	-1.697956747	0.141310883944678	1	1	0.352805585312696	0.352805585312696	0.0283402903476044	0.0300764655904843	(847:0.053371,(1282:0.005231,6036:0.026419):0.005209):0.968187;
F04R22	RyanCt	mixed	1759	15	0.09048	0.00134560677142857	0.0366825131558427	0.02388	0.16745	0.08067	0.0730761008394693	0.0825985392378501	11	0.96632838515302	0.00483256665023948	0.0695166645505916	0.889856433650879	1.1108010197236	0.934234536428284	0.961981640419313	0.964121604152768	1.37038776331679	0.925922447336643	-3.059769884	0.128980050434057	0.6	0.233333333333333	0.228397960552798	0.228397960552798	0.061542331946867	0.0800885549443177	(((3116:0.084127,(40852:0.037757,27462:0.136093):0.040474):0.032041,(39045:0.001127,9735:0.101979):0.026426):0.012337,14663:0.008171):0.889856;
F04R22	RyanCt	mixed	4762	6	0.0287283333333333	7.43062166666666e-05	0.0086201053744526	0.01736	0.04019	0.028635	0.0264657266405811	0.0276027769464847	7	0.984238860914464	0.000508489475660697	0.0225497112101396	0.959060937613216	1.01921468141307	0.984408244461864	0.983799179589617	0.984018483454346	1.11032797359875	0.963224008800416	-2.393571159	0.036060704646231	1	0.666666666666667	0.277581993399688	0.277581993399688	0.0362094973355027	0.0378167589963837	(30724:0.060154,((17112:0.026085,7382:0.039312):0.000369,25230:0.019287):0.006060):0.959061;
F04R22	RyanCt	mixed	4783	3	0.26282	0.0286935364	0.169391665674554	0.06724	0.36282	0.3584	0.146925825744781	0.206013481547073	5	0.95013851214867	0.0447847058613176	0.211623972794477	0.680498643735211	1.12189069082934	1.07019391700814	0.908590056737181	0.929826482615131	1.24930743925665	0.875346280371674	-1.276769110	0.800669967094537	1	1	0.41643581308555	0.41643581308555	0.0597045074161713	0.18960293184048	(25127:0.082097,(13296:0.051697,19220:0.045319):0.389695):0.680499;
F04R22	RyanCt	mixed	4859	3	0.03632	0.0001148412	0.0107163986487999	0.02886	0.0486	0.0315	0.0344937815314999	0.0353520321302507	5	0.983463000128101	0.00127143161666243	0.0356571397711936	0.943106025022418	1.03984798667748	0.974208975618088	0.982450138364193	0.982953001216501	1.08268499935949	0.958657500320253	-1.554333107	0.278185151237397	1	1	0.360894999786498	0.360894999786498	0.0361586745804688	0.0465263247790256	(40133:0.027772,(2293:0.015065,7742:0.065639):0.031103):0.943106;
F04R22	RyanCt	mixed	4869	3	0.08702	0.0011289199	0.0335994032685106	0.04904	0.11287	0.09915	0.0762640848755121	0.0818729744019429	5	0.959526724456678	0.00863909985824574	0.0929467581911587	0.880612957561316	1.11789162318721	0.921556222012243	0.95296351243046	0.956139667938448	1.20236637771661	0.898816811141695	-1.522264507	0.129652387640449	1	1	0.400788792572203	0.400788792572203	0.0951152376648453	0.107251140051765	(20714:0.040943,(28118:0.200871,980:0.043531):0.036408):0.880613;
F04R22	RyanCt	mixed	4878	3	0.03376	0.0004379161	0.0209264449919235	0.0096	0.04621	0.04547	0.0202977645800903	0.0272214163798537	5	0.9876459197787	0.00274523686269568	0.0523950079940415	0.921687413554634	1.03084370677732	1.01654218533887	0.985376030777935	0.986518154753994	1.0617704011065	0.96911479944675	-1.610212046	0.781271360218729	1	1	0.3539234670355	0.3539234670355	0.015076071922545	0.0466943291839557	((7722:0.014302,2598:0.012254):0.094855,14789:0.018672):0.921687;
F04R22	RyanCt	mixed	4939	3	0.02658	0.000305239599999999	0.0174711075779413	0.00672	0.03958	0.03344	0.0147073880198182	0.0207190788835363	5	0.983007205764612	0.00212692868786624	0.0461186370989672	0.957277822257806	1.06392313851081	0.957758206565252	0.981369800950239	0.982173040190903	1.08496397117694	0.957518014411529	-1.729187745	0.00377548452051347	1	1	0.361654657058981	0.361654657058981	0.0424019215372298	0.0425620496397118	((18750:0.020592,23972:0.106165):0.000480,12233:0.000448):0.957278;
F04R22	RyanCt	mixed	5039	3	0.01488	6.10000000007436e-09	7.81024967595426e-05	0.01479	0.01493	0.01492	0.0148797258870364	0.0148798630790095	5	0.988961103393531	0.000228564934259712	0.0151183641396717	0.972142290136932	1.00019845207382	0.999640305616194	0.988775172999982	0.988868307223768	1.05519448303235	0.972402758483826	-1.728630438	0.00937709310113865	1	1	0.351731494344116	0.351731494344116	0.0275104187338758	0.0276840642984719	(30450:0.027498,(18394:0.027535,18624:0.027498):0.000521):0.972142;
F04R22	RyanCt	mixed	5069	6	0.0147533333333333	1.22080266666666e-05	0.00349399866437677	0.0094	0.01992	0.0148	0.0139985002410406	0.0143869687962196	7	0.988104704565002	0.000286266193145313	0.0169194028601873	0.971714188344882	1.00973153091749	0.986065356507251	0.987857484759652	0.987980904990505	1.08326706804498	0.972244310651672	-2.441098733	0.0109126028142352	1	0.666666666666667	0.270816767011246	0.270816767011246	0.0276231587716309	0.0278882199250256	(7784:0.037411,(19464:0.037487,(17091:0.013291,15464:0.022303):0.000530):0.000530):0.971714;
F04R22	RyanCt	mixed	5083	3	0.0144866666666667	1.19110333333334e-05	0.00345123649339383	0.01109	0.01799	0.01438	0.0139341237227397	0.0142093386596831	5	0.989630775178813	0.000250086911665726	0.0158141364502057	0.967832978929055	1.00873767639668	0.99478059153296	0.989427812394374	0.989529424350346	1.05184612410593	0.974076937947033	-1.649796539	0.225558659217877	1	1	0.350615374701978	0.350615374701978	0.023841742380308	0.0280043817256266	(22732:0.028649,(35908:0.028417,23326:0.014460):0.012488):0.967833;
F04R22	RyanCt	mixed	5098	15	0.0500126666666667	0.000209362692380952	0.0144693708356981	0.02801	0.07762	0.04805	0.0460637658959623	0.0480370015943753	11	0.972280263394781	0.00494830324582196	0.0703441770569673	0.857320552758062	1.07051320520025	0.982198484443451	0.967471924098089	0.969905834154204	1.30491710265741	0.939016579468519	-2.167442282	0.0987365230568549	1	0.4	0.217486183776235	0.217486183776235	0.0537864363689927	0.0745994249832242	(29072:0.000524,(19134:0.101932,(39247:0.033126,((36211:0.031882,35240:0.066416):0.000524,1495:0.088838):0.026154):0.037152):0.061048):0.857321;
F04R22	RyanCt	mixed	5157	3	0.02378	2.42759999999993e-06	0.00155807573628496	0.02242	0.02548	0.02344	0.0237132373637988	0.0237463872792524	5	0.982870128902466	0.000617566336150954	0.0248508819994574	0.952760599061173	1.01095298412935	0.989494076447359	0.982365318404698	0.982618058006831	1.08564935548767	0.957175322256166	-1.675704623	0.091824874079814	1	1	0.361883118495889	0.361883118495889	0.0413531033455033	0.0442962521421653	((30734:0.049363,26100:0.037963):0.008829,35177:0.036733):0.952761;
F04R22	RyanCt	mixed	5277	3	0.0166	3.25921000000001e-05	0.00570894911520501	0.01001	0.02004	0.01975	0.0149675794077709	0.015823393616158	5	0.988750679717237	0.000431165014092905	0.0207645133362885	0.971621805328983	1.02273654159869	0.988614736269712	0.988407704796032	0.988578212049515	1.05624660141381	0.971876699293094	-1.728706973	0.00753768844221105	1	1	0.352082200471271	0.352082200471271	0.0280383360522023	0.0282082653616096	(24251:0.016993,(37321:0.050605,13704:0.016517):0.000510):0.971622;
F04R22	RyanCt	mixed	5282	10	0.01991	9.61393333333321e-06	0.00310063434370021	0.01248	0.02246	0.019945	0.0193366104836429	0.0196493579542756	9	0.986898635108623	0.000337109141486325	0.018360532167841	0.958041532596058	1.00833491063462	0.983289619554931	0.986593743566738	0.98674639335096	1.11791228402239	0.970521928994403	-2.761511716	0.105566789988292	1	0.5	0.223582456804478	0.223582456804478	0.0269786117946083	0.0319741502852662	((34283:0.033867,((33700:0.016866,33391:0.025316):0.008281,36068:0.033597):0.008450):0.008247,34586:0.025248):0.958042;
F04R22	RyanCt	mixed	5297	3	0.0181466666666667	1.78643333333312e-06	0.00133657522546736	0.01737	0.01969	0.01738	0.0180837140520998	0.0181147259806954	5	0.987614375356532	0.000301226101192542	0.0173558664777228	0.96876212207644	1.0030233884769	0.993987450085568	0.987369276459312	0.987492002035241	1.06192812321734	0.969035938391329	-1.728477957	0.00806045340050378	1	1	0.353976041072447	0.353976041072447	0.0308727895037079	0.0310553337136338	((22218:0.033714,3635:0.033679):0.000548,5476:0.025225):0.968762;
F04R22	RyanCt	mixed	5367	3	0.0166866666666667	1.94093333333328e-06	0.00139317383457101	0.01508	0.01756	0.01742	0.0166052377268076	0.0166465664188585	5	0.988923780250996	0.000242200312486673	0.0155627861415196	0.972059786287325	1.00568125076286	0.996893065989059	0.988727153374604	0.988825578913174	1.05538109874502	0.97230945062749	-1.728772892	0.00853727945361411	1	1	0.351793699581673	0.351793699581674	0.0276073279257887	0.0277737708192319	((13873:0.033122,14747:0.024867):0.000499,13172:0.024833):0.972060;
F04R22	RyanCt	mixed	5409	6	0.0168633333333333	2.71153466666667e-05	0.00520723983187511	0.01001	0.02381	0.016795	0.0154564515402588	0.0161628530260851	7	0.988708238489912	0.00036021816583783	0.0189794142648773	0.968050223269456	1.02614971411623	0.988416352221984	0.988401597310173	0.988553983342409	1.07904233057061	0.973652556476462	-2.372136648	0.048583923062965	1	0.666666666666667	0.269760582642654	0.269760582642654	0.0255894807955313	0.0277480268252896	(((7629:0.016115,3272:0.049465):0.000461,35045:0.016412):0.008173,4261:0.020366):0.968050;
F04R22	RyanCt	mixed	5541	3	0.0303133333333333	0.000170313033333334	0.0130504035697496	0.01535	0.03934	0.03625	0.0253909772204913	0.0279737216248702	5	0.988101444600403	0.00131498243150174	0.0362626864904097	0.940568250176543	1.02405342493222	0.999938972825471	0.987023997403712	0.987564751285197	1.05949277699799	0.970253611501007	-1.605147482	0.596583442838371	1	1	0.353164258999329	0.353164258999329	0.019851268057505	0.0396415089404811	(9077:0.019407,(16446:0.024114,19515:0.016033):0.059371):0.940568;
F04R22	RyanCt	mixed	5256	3	0.0132533333333333	8.23363333333333e-06	0.00286943083787244	0.00994	0.01491	0.01491	0.01278	0.0130250847292182	5	0.990994385075168	0.000162074096169196	0.0127308325010266	0.973012135482703	1.000072450643	0.999963774678501	0.990862649651401	0.990928665642896	1.04502807462416	0.977485962687919	-1.672730709	0.199033037872683	1	1	0.348342691541387	0.348342691541387	0.021022761577009	0.0240053130471533	(3473:0.027060,(40462:0.018004,26749:0.018004):0.008948):0.973012;
F04R22	RyanCt	mixed	5596	3	0.01832	8.67000000000001e-06	0.00294448637286709	0.01492	0.02002	0.02002	0.0179722262334537	0.0181509345095812	5	0.986818367690568	0.000375408274474687	0.019375455464961	0.966757270343733	1.01149784716042	0.994251076419792	0.986514060332391	0.986666201070966	1.06590816154716	0.967045919226421	-1.728298480	0.0106100795755968	1	1	0.355302720515719	0.355302720515719	0.0328578644793496	0.0330502970678084	((10385:0.026917,30981:0.026917):0.000577,18096:0.044741):0.966757;
F04R22	RyanCt	mixed	5688	3	0.0368333333333333	0.000463797733333333	0.0215359637196326	0.012	0.05038	0.04812	0.0242006017493456	0.0307554209756598	5	0.979524728455643	0.00122649157874455	0.035021301785407	0.919600816011468	1.0042564922534	0.994133539174064	0.97848227023269	0.979010320851396	1.10237635772178	0.948811821139108	-1.364880778	0.595414699932569	1	1	0.367458785907262	0.367458785907262	0.0414511771516789	0.0609251805701053	((12526:0.016111,12183:0.023587):0.058422,16834:0.084656):0.919601;
F04R22	RyanCt	mixed	5743	15	0.0376126666666667	0.000396344606666665	0.019908405427524	0.01707	0.06717	0.02713	0.0300410084745193	0.0333139515522384	11	0.972422459738077	0.00171479293478178	0.0414100583769425	0.916614020343698	1.07219984351001	0.97701915553366	0.970883751625095	0.971642681288359	1.30335294288115	0.939329411423769	-3.127202275	0.0609668858555145	0.6	0.233333333333333	0.217225490480192	0.217225490480192	0.0585910105196047	0.064456487089576	(((8878:0.042252,(12343:0.025699,23236:0.033663):0.008207):0.000556,(31369:0.042774,874:0.051572):0.000487):0.025943,34309:0.155586):0.916614;
F04R22	RyanCt	mixed	4982	3	0.0148533333333333	4.03333333328119e-09	6.35085296104483e-05	0.01478	0.01489	0.01489	0.014853151856018	0.0148532426691562	5	0.987900094019539	0.000274690776052688	0.0165737978765486	0.969423210562891	1.00028614642521	0.999427707149573	0.987676281197223	0.987788410093712	1.0604995299023	0.969750235048849	-1.727777930	0.0107095046854083	1	1	0.353499843300767	0.353499843300767	0.0301407567891646	0.0303587731131368	(33452:0.030004,(27451:0.030209,29790:0.030209):0.000654):0.969423;
F04R22	ShellfishLab	post	3149	3	0.106386666666667	0.00118619263333333	0.034441147387004	0.06681	0.12956	0.12279	0.0973070707036824	0.102052849807994	5	0.915508463699499	0.0415739179309031	0.203896831586229	0.739743022973917	1.23468762032429	0.83779929552358	0.883598836492048	0.898770141108613	1.4224576815025	0.788771159248749	-1.584105778	0.150314795383001	1	1	0.474152560500834	0.474152560500834	0.194886128659641	0.227571552842862	((35291:0.396888,28843:0.157395):0.098056,3852:0.030375):0.739743;
F04R22	ShellfishLab	post	3539	6	0.100281666666667	0.00155829917666667	0.0394752983100402	0.05351	0.14406	0.100975	0.0862385645975342	0.093268970798999	7	0.976841767986507	0.00253806659296233	0.0503792277924378	0.915195924032494	1.03370910966277	0.996133784218779	0.974605622524465	0.975724718599771	1.16210762409445	0.94596412530185	-2.291758444	0.321278545871259	0	0	0.290526906023613	0.290526906023613	0.0386517740634724	0.0617279250154891	((24022:0.037008,38943:0.037077):0.081436,(34334:0.070070,16420:0.010453):0.010868):0.915196;
F04R22	ShellfishLab	post	3691	3	0.0168866666666667	1.57580333333334e-05	0.00396963894243966	0.01369	0.02133	0.01564	0.0163161448172338	0.0165911701577102	5	0.993194482814384	0.00012202400808925	0.0110464477588612	0.982824491776105	1.0066774926049	0.990586824249203	0.993096429336631	0.993145416021471	1.03402758592808	0.982986207035961	-1.729883755	0.00744532340623546	1	1	0.344675861976026	0.344675861976026	0.0169598878774198	0.0170676980506573	((3921:0.019588,604:0.023530):0.000323,5573:0.007762):0.982824;
F04R22	ShellfishLab	post	3759	3	0.1205	0.000646426899999997	0.0254249267452238	0.09897	0.14855	0.11398	0.11714502977655	0.118777713208516	5	0.934521243212268	0.0103842603927509	0.101903191278541	0.834174693699348	1.06158757879226	0.92629683193713	0.925741583235137	0.930105357528384	1.32739378393866	0.836303108030671	-1.709832703	0.0135018175523628	1	1	0.442464594646219	0.442464594646219	0.162987420525555	0.164406363413103	(27340:0.177941,(24468:0.087865,969:0.223156):0.004257):0.834175;
F04R22	ShellfishLab	pre	3160	6	0.0125583333333333	5.72853666666669e-06	0.00239343616306487	0.00896	0.01577	0.012655	0.0121511837120028	0.012358927296464	7	0.994619008996625	5.46588763414846e-05	0.00739316416302821	0.987249562978897	1.00488153831428	0.99476582217901	0.99457196487286	0.994595476770163	1.03766693702362	0.987444354325459	-2.446683259	0.012632459892052	0	0	0.259416734255905	0.259416734255905	0.0124582500012594	0.0126043435111812	((18313:0.017350,19667:0.014428):0.000282,(6503:0.010841,14527:0.007214):0.000302):0.987250;
F04R22	ShellfishLab	pre	3492	3	0.0872133333333333	0.00443214643333334	0.0665743676900753	0.01034	0.12577	0.12553	0.0266361135624193	0.0546531304617277	5	0.975286466784832	0.00300449583975837	0.0548132815999769	0.878629203385176	1.00770776643283	0.997803130538982	0.972634558232458	0.973992089074406	1.12356766607584	0.938216166962079	-1.075932909	0.860251385322341	1	1	0.374522555358614	0.374522555358614	0.04192151184562	0.0816461542302219	((6337:0.009455,36524:0.009905):0.119174,40764:0.106405):0.878629;
F04R22	ShellfishLab	pre	3509	3	0.190186666666667	0.0152367401333333	0.123437191046027	0.04808	0.27078	0.2517	0.105393744323389	0.148532475585531	5	0.948268488402192	0.00956526721196926	0.0978021840858846	0.77705311019324	1.02097847005729	0.988767965065895	0.939037490356512	0.943850239144121	1.25865755798904	0.870671221005481	-0.7014205243	0.697591043461853	1	1	0.419552519329679	0.419552519329679	0.0981227420571055	0.160534815931932	((8971:0.024479,6671:0.056689):0.187236,24676:0.213200):0.777053;
F04R22	ShellfishLab	pre	3847	3	0.0318133333333333	4.77180333333326e-05	0.00690782406647221	0.02455	0.0383	0.03259	0.0307606754822118	0.0312928326057496	5	0.979892260212604	0.000837394212771292	0.0289377644743213	0.942181122307888	1.00748868953464	0.988540203311837	0.979202230585265	0.979548263536386	1.10053869893698	0.949730650531509	-1.636997965	0.156357388316151	1	1	0.366846232978994	0.366846232978994	0.0477528400606175	0.0527858588763647	(38001:0.061790,(30085:0.050209,34185:0.031260):0.015099):0.942181;
F04R22	ShellfishLab	pre	5469	10	0.084076	0.00135644329333333	0.0368299238844358	0.02749	0.15311	0.08848	0.0666506805223029	0.0757958322415465	9	0.950354487157294	0.0061199509562857	0.0782301154050389	0.853596611695191	1.09012013710171	0.939198624366712	0.944910903275439	0.947585531328289	1.44680961558436	0.888297596103911	-2.543183042	0.0566880760429668	1	0.5	0.289361923116871	0.289361923116871	0.107598296615157	0.118642600777833	((26743:0.071725,(1277:0.181735,(3058:0.030380,28587:0.048932):0.000433):0.025995):0.028794,23106:0.205220):0.853597;
F04R22	ShellfishLab	pre	5463	3	0.0275533333333333	7.34424333333336e-05	0.00856985608591729	0.01772	0.03343	0.03151	0.0254059409973912	0.0265266759721001	5	0.983007508920948	0.000619799385972675	0.0248957704434443	0.949243634930712	1.01022351627663	0.991735808577246	0.982498926053457	0.982753893701282	1.08496245539526	0.957518772302371	-1.626366352	0.221441124780316	1	1	0.361654151798419	0.361654151798419	0.0397228485737429	0.0452396068215153	((789:0.032247,33751:0.025942):0.016550,18309:0.060980):0.949244;
F04R22	ShellfishLab	pre	5625	3	0.0735066666666667	0.000295469733333329	0.0171892330641402	0.05382	0.08554	0.08116	0.0704353803309146	0.0720252861833437	5	0.950308305176109	0.00952005149902857	0.0975707512476386	0.813570686685686	1.05274713716622	0.937970839194857	0.942032193663564	0.94620995182694	1.24845847411946	0.875770762940272	-1.187040033	0.369493908153702	1	1	0.416152824706486	0.416152824706486	0.1034958783082	0.144962595811257	(11163:0.098211,(38754:0.097501,24333:0.114776):0.124400):0.813571;
F04R22	ShellfishLab	pre	5633	6	0.0267	4.22763999999997e-05	0.00650203045209723	0.01663	0.03461	0.02816	0.0251617695088406	0.0259647241019196	7	0.975531382708746	0.00185709370052312	0.0430940100306657	0.905758760831225	1.03274288781535	0.972675919535823	0.97388018084656	0.974708946422199	1.17128032103878	0.942906559653742	-2.043023262	0.207508546637627	1	0.666666666666667	0.292820080259694	0.292820080259694	0.0496511003757381	0.0663803900518876	(((4140:0.060067,29441:0.024947):0.022391,19292:0.063645):0.044526,22550:0.049945):0.905759;
F04R22	ShellfishLab	pre	5640	3	0.0281666666666667	2.46973333333368e-06	0.00157153852429194	0.0272	0.02998	0.02732	0.028110023327592	0.0281380335106327	5	0.976583992201885	0.00272958732320827	0.0522454526557888	0.920966718757253	1.03181135987374	0.96195324225217	0.974366345977639	0.975471591918246	1.11708003899058	0.941459980504711	-1.633018899	0.227518680752383	1	1	0.372360012996859	0.372360012996859	0.0517089322461358	0.0653711067444415	(32714:0.015968,(2288:0.069301,32268:0.069858):0.040987):0.920967;
F04R22	ShellfishLab	pre	5645	10	0.026016	4.46378266666666e-05	0.00668115459083732	0.01881	0.03409	0.026535	0.0244745973759336	0.0252354059125853	9	0.977290291897034	0.00104394214469661	0.0323100935420591	0.925851614053861	1.01377742108079	0.971241305510969	0.976335593007512	0.976813748044068	1.2043873729267	0.948903156768325	-2.626536354	0.107891415472462	0.5	0.166666666666667	0.24087747458534	0.24087747458534	0.0465043695380774	0.0557071517745675	(((8647:0.063225,19516:0.020644):0.000624,(21492:0.042046,10318:0.042536):0.022294):0.023096,29840:0.064072):0.925852;
F04R22	ShellfishLab	pre	4992	6	0.02993	0.00010076324	0.0100380894596532	0.01484	0.04329	0.029125	0.0266115609891825	0.0283519416626294	7	0.970218505530078	0.00306585040581734	0.0553701219595672	0.908011869436202	1.07364445643377	0.961100620447802	0.967615133648237	0.968899427646866	1.20847046128945	0.930509846236849	-2.171285274	0.205105426548146	0	0	0.302117615322363	0.302117615322363	0.0582411653628271	0.0751146479633127	((6749:0.053520,19643:0.026544):0.014405,(16046:0.112544,28289:0.040356):0.053089):0.908012;
F04R22	ShellfishLab	pre	6068	3	0.0691466666666667	0.000305420033333332	0.0174762705785111	0.05155	0.0865	0.06939	0.0661220644862156	0.0676364110541628	5	0.920376494530654	0.0164366965715708	0.128205680730499	0.738488934113457	1.08172220808954	0.945370134825744	0.905399823524016	0.912995015273502	1.39811752734673	0.800941236326634	-1.113101065	0.275881444023037	1	1	0.466039175782244	0.466039175782244	0.178241329602306	0.219876197744425	((727:0.218329,10374:0.109514):0.124905,13543:0.206881):0.738489;
F04R22	ShellfishLab	pre	6096	15	0.0253846666666667	5.18902409523807e-05	0.00720348811010199	0.0097	0.03958	0.02752	0.0228174559050549	0.0242410673296173	11	0.958633703896373	0.00311652934075717	0.0558258841466677	0.892672152111293	1.06247981709444	0.969011974114213	0.955738404673722	0.957175726665946	1.4550292571399	0.908994148572019	-3.104018825	0.0837597752235268	1	0.4	0.242504876189984	0.242504876189984	0.0858596948990532	0.0937261841714352	(((40522:0.075255,((23285:0.045106,15410:0.030071):0.029993,23448:0.152602):0.001163):0.014880,19368:0.075177):0.001163,8834:0.136947):0.892672;
F04R22	ShellfishLab	pre	4517	3	0.09842	0.0013938979	0.0373349420784338	0.05584	0.12555	0.11387	0.0865670753373704	0.0927663528465013	5	0.849266846785405	0.0964469347013416	0.310559067974744	0.591926133829972	1.37672795949951	0.795110563177085	0.780148157002722	0.811150373191251	1.75366576607297	0.623167116963513	-1.485203450	0.0651834824727034	1	1	0.584555255357658	0.584555255357658	0.366419221991973	0.387246544081001	(2350:0.203184,(12436:0.173753,9374:0.722320):0.062482):0.591926;
F04R22	ShellfishLab	pre	4509	6	0.05261	0.0001964046	0.0140144425504549	0.03111	0.07421	0.05251	0.0491584774443086	0.050945290477091	7	0.888429371649517	0.0272831580665915	0.165176142546651	0.738313587468398	1.13597382640163	0.875923263768403	0.863802702893683	0.875781998965226	1.78099439845338	0.739668533848874	-2.436263262	0.00246449395255673	1	0.666666666666667	0.445248599613345	0.445248599613345	0.25997620581966	0.260670202746245	(5878:0.397660,(7280:0.136321,(16963:0.335300,26362:0.170624):0.001487):0.001289):0.738314;
F04R22	ShellfishLab	mixed	3147	6	0.163625	0.00558550659	0.0747362468284299	0.06681	0.27572	0.148345	0.133359106162422	0.148588273191023	7	0.87097705235622	0.0549667380043029	0.234449862453154	0.643204194467167	1.2356332600747	0.771994835759409	0.823041669095978	0.845794405882253	1.90316063350646	0.698946455497847	-2.143538189	0.10394733450128	1	0.666666666666667	0.475790158376615	0.475790158376615	0.282791449436763	0.314989109759823	(23826:0.592429,((35291:0.365715,28843:0.145032):0.090354,3852:0.027989):0.038436):0.643204;
F04R22	ShellfishLab	mixed	3538	10	0.175298	0.0106107409955556	0.103008451088032	0.05351	0.31217	0.144035	0.119584515171396	0.146075975984311	9	0.966273322386808	0.0167798165214141	0.129536931110067	0.714478994212825	1.08619370306467	0.984067083513971	0.948385405872004	0.957745527493993	1.30354009851873	0.924114975370318	-0.6544088926	0.376817905909865	0.5	0.166666666666667	0.260708019703746	0.260708019703746	0.0489771335298277	0.117812220861181	(((38943:0.038959,24022:0.038887):0.085571,(34334:0.073627,16420:0.010984):0.011420):0.247184,11402:0.082429):0.714479;
F04R22	ShellfishLab	mixed	3845	6	0.0962883333333334	0.00501120797666667	0.0707898861184751	0.02455	0.16302	0.097805	0.051638412483028	0.0709234635893106	7	0.939000293014974	0.0236519756379971	0.153791988211341	0.852808811486187	1.28313510995575	0.895243390258379	0.922233182092812	0.929879647628418	1.42699794889518	0.857667350368272	-2.375978741	0.0797454374210796	1	0.666666666666667	0.356749487223796	0.356749487223796	0.140016078257538	0.143547284352249	(10885:0.430326,(38001:0.055958,(30085:0.045470,34185:0.028310):0.013674):0.000451):0.852809;
NF118Sr2b	BelleairBlvd	pre	40	3	0.0449	0.000248244300000001	0.0157557703715179	0.02672	0.05459	0.05339	0.0402827190004624	0.0427041245391052	5	0.972796133460594	0.00260986087606074	0.0510867974731314	0.930863269906383	1.05688118108158	0.96747761103101	0.970739785770667	0.971752979499537	1.13601933269703	0.931990333651483	-1.718303635	0.0133742996566058	1	1	0.378673110899011	0.378673110899011	0.067633978433483	0.0683853542635502	((27078:0.123764,40129:0.042524):0.002254,34893:0.036614):0.930863;
NF118Sr2b	BelleairBlvd	pre	101	3	0.0222333333333333	2.17772333333331e-05	0.00466660833296872	0.01817	0.02733	0.0212	0.0216145472229718	0.0219167829484563	5	0.987175460737372	0.000394708890488982	0.0198672819099388	0.967736341653741	1.0112041309814	0.985539638346451	0.986856332098195	0.987015763081137	1.06412269631314	0.967938651843431	-1.729416438	0.00764609503003823	1	1	0.354707565437713	0.354707565437713	0.0319939114266722	0.0321287848864654	((600:0.017399,40206:0.035115):0.000405,20739:0.043468):0.967736;
NF118Sr2b	BelleairBlvd	pre	285	3	0.01334	3.53560000000008e-06	0.00188031912185142	0.01144	0.0152	0.01338	0.013161330730683	0.0132507941899659	5	0.996421745879355	2.72477625435918e-05	0.00521993894059996	0.990960152892303	1.00268279333519	0.997622273465469	0.996399863699604	0.996410805693546	1.01789127060323	0.991054364698388	-1.730768316	0.0103550295857988	1	1	0.339297090201075	0.339297090201075	0.00891423136625064	0.0089770392369741	(13948:0.008735,(35958:0.011534,8339:0.006474):0.000188):0.990960;
NF118Sr2b	BelleairBlvd	pre	302	15	0.0847166666666666	0.000494315109523815	0.0222331983646936	0.05557	0.12334	0.08137	0.0792197597698233	0.0819570832725249	11	0.977941983759669	0.00141130999711674	0.0375674060472205	0.926688888428811	1.04257330766099	0.975093683360593	0.976643062139954	0.977290271267677	1.24263817864364	0.951472364271271	-3.093531893	0.107034548002123	1	0.4	0.207106363107274	0.207106363107274	0.0424030788412478	0.0526582150358056	(10419:0.048405,(37164:0.020980,(32048:0.076120,((18790:0.054354,13027:0.024830):0.028226,8419:0.029730):0.011539):0.014451):0.007315):0.926689;
NF118Sr2b	BelleairBlvd	pre	354	3	0.0295733333333333	5.37560333333331e-05	0.0073318506076797	0.02131	0.0353	0.03211	0.0281960495450936	0.0289067646708539	5	0.990822750376945	0.000223888295542318	0.0149628972977267	0.97693252296644	1.01301043010586	0.991264203441469	0.990643135619009	0.990732749032708	1.04588624811528	0.977056875942362	-1.730403319	0.00495816547877285	1	1	0.348628749371758	0.348628749371758	0.0229016730656636	0.0229845750496117	((12949:0.035829,1218:0.014083):0.000249,13584:0.018793):0.976933;
NF118Sr2b	BelleairBlvd	pre	214	6	0.116256666666667	0.00117919214666667	0.0343393673014904	0.05842	0.15369	0.125225	0.104865878861179	0.111059162580181	7	0.969630508664128	0.00516668751482848	0.0718796738642328	0.889386624914829	1.08035779005204	0.942243291436524	0.965240503812284	0.967404896823104	1.21258643935111	0.929137853549631	-2.149991499	0.153882887297416	1	0.666666666666667	0.303146609837777	0.303146609837777	0.0606887603473521	0.0807999536090694	(11343:0.031836,(21366:0.014048,(1403:0.086345,23447:0.110526):0.041636):0.038809):0.889387;
NF118Sr2b	BelleairBlvd	mixed	38	6	0.0425033333333333	0.000211516786666666	0.0145436166982861	0.02672	0.05878	0.04275	0.0383121968309137	0.0403656177320509	7	0.972409902522861	0.00205698271263947	0.0453539712995397	0.933663942204672	1.06211161110601	0.972265589126642	0.970676467461782	0.97153006950555	1.19313068233998	0.935623105886675	-2.420706227	0.0110292163575935	1	0.666666666666667	0.298282670584994	0.298282670584994	0.0638488382771605	0.0648666850338262	(23222:0.051489,((27078:0.124376,40129:0.042734):0.002265,34893:0.036796):0.001806):0.933664;
NF118Sr2b	BelleairBlvd	mixed	70	3	0.0159933333333333	2.9072333333333e-06	0.00170506109372459	0.01493	0.01796	0.01509	0.0158791006692499	0.0159349899269426	5	0.990333242366354	0.000191656337156232	0.0138440000417593	0.975590527305255	1.00354771218048	0.993389732860305	0.990178067476884	0.990255711227756	1.04833378816823	0.975833105915886	-1.728844512	0.00883002207505519	1	1	0.349444596056076	0.349444596056076	0.0240860345472371	0.0242477536209911	((35058:0.027472,37085:0.026987):0.000485,16105:0.017799):0.975591;
NF118Sr2b	BelleairBlvd	mixed	284	6	0.0397083333333333	0.000837190216666667	0.0289342395211394	0.01144	0.06807	0.039755	0.0219485204138036	0.0295859801057867	7	0.991384397497934	0.000304648074053245	0.0174541706778994	0.953253190807776	1.00487262059314	0.993448095631502	0.991113301577293	0.991250145293157	1.06030921751446	0.979896927495181	-2.079744859	0.303341727018036	1	0.666666666666667	0.265077304378614	0.265077304378614	0.016749001028477	0.0267640066766704	((13948:0.008754,(35958:0.011559,8339:0.006488):0.000189):0.039871,22045:0.040195):0.953253;
NF118Sr2b	BayfrontPark	pre	2211	3	0.0148733333333333	3.08863333333331e-06	0.00175745080538071	0.01285	0.01602	0.01575	0.0147250069827169	0.0148006935242335	5	0.996963940836585	7.3852685223974e-05	0.0085937585039361	0.988582986941766	1.00751464381939	0.99623671724116	0.996904746210244	0.99693433195226	1.01518029581707	0.992409852091463	-1.730911755	0.28958051420839	1	1	0.338393431939024	0.338393431939024	0.00631452619197113	0.00886576962510232	(17287:0.000167,(340:0.011278,40352:0.007499):0.007654):0.988583;
NF118Sr2b	BayfrontPark	mixed	73	3	0.0307933333333333	8.30442333333336e-05	0.0091128608753417	0.02038	0.03731	0.03469	0.0286541351859304	0.0297676517449781	5	0.979798682679272	0.0008861547153729	0.0297683509011316	0.934757831339756	1.00562680711689	0.996196806277069	0.979060617689819	0.979432044578557	1.10100658660364	0.94949670669818	-1.546558868	0.286664333216661	1	1	0.367002195534547	0.367002195534547	0.045590334849012	0.055416251754628	((13953:0.031961,27175:0.041391):0.029478,8766:0.063419):0.934758;
NF118Sr2b	RyanCt	post	43	6	0.0675416666666667	0.000963723096666668	0.0310438898443263	0.0317	0.10893	0.061995	0.0557150640575776	0.0614279018533505	7	0.947601864267649	0.00728721467991766	0.0853651842375899	0.806738695647573	1.05867786960709	0.930845829056392	0.940779671567745	0.944228150331328	1.36678695012646	0.877737683291181	-1.674589225	0.201143853139279	1	0.666666666666667	0.341696737531614	0.341696737531614	0.108985280267516	0.140012063619721	((1758:0.025609,(22010:0.073355,5661:0.127832):0.035217):0.088890,35017:0.209145):0.806739;
NF118Sr2b	RyanCt	post	105	3	0.0920266666666667	0.00124850003333333	0.0353341199597971	0.05613	0.12677	0.09318	0.0823361439314692	0.0871989816130925	5	0.947639886490026	0.00727236796864617	0.0852781799093189	0.831335821128239	1.04675529869131	0.942008045487147	0.941376998425756	0.944526638237949	1.26180056754987	0.869099716225066	-1.317348284	0.301431238332296	1	1	0.42060018918329	0.42060018918329	0.118312318742659	0.14348824880721	((8010:0.035144,29228:0.139892):0.075528,21248:0.179901):0.831336;
NF118Sr2b	RyanCt	post	633	6	0.0198616666666667	3.52061666666677e-06	0.00187633063895113	0.01807	0.02176	0.01986	0.0197139924752503	0.0197876870290345	7	0.993554176081441	6.84882404263417e-05	0.0082757622263053	0.984716115647424	1.00414549192029	0.998420221169036	0.993495042536762	0.993524617032938	1.04512076742991	0.98495974419003	-2.445492732	0.00631554836637312	1	0.666666666666667	0.261280191857477	0.261280191857477	0.0149793486743181	0.0151011629456213	(5466:0.013704,((3451:0.018942,34621:0.013674):0.000244,35589:0.013598):0.000244):0.984716;
NF118Sr2b	RyanCt	post	809	6	0.02575	1.74739599999998e-05	0.00418018659870583	0.02102	0.03041	0.02585	0.0251772242670022	0.0254636069453741	7	0.991541548638568	0.000128589354535524	0.0113397246234432	0.980109723536699	1.0081792510176	0.994159876272478	0.991430541184112	0.991486018535279	1.05920915953002	0.980263613489993	-2.447283284	0.00595363118992609	0	0	0.264802289882505	0.264802289882505	0.0196594415333595	0.0197748589983303	((36599:0.018467,35909:0.027823):0.000246,(38444:0.013835,31019:0.018513):0.000215):0.980110;
NF118Sr2b	RyanCt	post	840	6	0.0669916666666667	0.000256443656666665	0.01601385826922	0.04292	0.08674	0.07067	0.0633869520980064	0.0652507256215036	7	0.983774377568814	0.00182105859090746	0.0426738630886337	0.931642694101329	1.04491989122244	0.981109545704415	0.982201687257948	0.982985529535379	1.1135793570183	0.962140214327233	-2.249294758	0.242332779572876	1	0.666666666666667	0.278394839254575	0.278394839254575	0.0291092835898052	0.0454841657292429	((1873:0.023474,(12245:0.047778,35024:0.032153):0.039506):0.025993,14190:0.013033):0.931643;
NF118Sr2b	RyanCt	post	855	3	0.01628	1.43257000000001e-05	0.00378493064665656	0.01191	0.01852	0.01841	0.0156024867598757	0.01595397268339	5	0.995036451695131	6.37939083407701e-05	0.00798710888499526	0.987468773897528	1.00684680091767	0.996416008157023	0.994985326870351	0.995010861684607	1.02481774152434	0.987591129237828	-1.730396459	0.00861604738826064	1	1	0.341605913841448	0.341605913841448	0.0123680856487382	0.0124496558756054	(18580:0.008947,(3623:0.009024,3383:0.019133):0.000245):0.987469;
NF118Sr2b	RyanCt	post	863	3	0.01762	7.58680000000002e-06	0.00275441463835785	0.01496	0.02046	0.01744	0.0173350058107413	0.0174767725627809	5	0.994615633772403	6.20112382823113e-05	0.00787472147331645	0.984117901101274	1.00351975815159	0.997851435974952	0.994565646874573	0.994590658362222	1.02692183113798	0.986539084431008	-1.699381427	0.166573816155989	1	1	0.342307277045994	0.342307277045994	0.0126538544590801	0.014267976678903	(21268:0.013734,(30481:0.009669,1202:0.014559):0.004842):0.984118;
NF118Sr2b	RyanCt	post	883	6	0.0264533333333333	2.89416266666667e-05	0.00537974224909211	0.01805	0.03495	0.026425	0.0254820434196769	0.0259788875964815	7	0.99116079044243	0.000149859567831238	0.0122417142521478	0.979145636234164	1.00722273086524	0.993387640757174	0.991031530723204	0.991096102988802	1.06187446690299	0.979375177699003	-2.445807331	0.00485884300776457	1	0.666666666666667	0.265468616725748	0.265468616725748	0.0205687411476552	0.0206822076672066	(((10889:0.014023,32485:0.026168):0.000219,11829:0.014007):0.000235,10129:0.028077):0.979146;
NF118Sr2b	RyanCt	post	931	10	0.02912	4.14530222222223e-05	0.00643840214822142	0.01801	0.03784	0.031305	0.0277027909754551	0.0284324493412943	9	0.990976886919165	0.00020135924616449	0.0141901108580761	0.975139244815554	1.01145164493281	0.989434100243659	0.990796835166877	0.990886764988498	1.08120801772751	0.979697995568122	-2.894055567	0.108030387504451	1	0.5	0.216241603545502	0.216241603545502	0.0177022950571637	0.0212137545823916	(26971:0.014090,((12474:0.023783,(38887:0.017809,26269:0.018755):0.017100):0.000236,14844:0.014074):0.000221):0.975139;
NF118Sr2b	RyanCt	post	964	10	0.020456	1.18514266666666e-05	0.00344259011017383	0.01499	0.02417	0.02109	0.0198709286359798	0.0201735540943344	9	0.993324334450127	6.90986171587582e-05	0.00831255779882211	0.98239839956117	1.00196828162561	0.997128244841327	0.993262394336266	0.993293381752056	1.06008098994886	0.984979752512786	-2.869785563	0.112125457681843	0.5	0.166666666666667	0.212016197989771	0.212016197989771	0.0135617830695513	0.0155365180775374	(((3055:0.014456,16463:0.009728):0.004824,(2892:0.009680,22821:0.014520):0.004824):0.000226,38036:0.019425):0.982398;
NF118Sr2b	RyanCt	post	1034	3	0.0161933333333333	3.23563333333335e-06	0.00179878662807275	0.01512	0.01827	0.01519	0.0160681384745286	0.0161293192280252	5	0.99476720319758	5.52356146834576e-05	0.00743206664955701	0.986804580317597	1.0017770335962	0.996786215836664	0.994722717446608	0.994744970913808	1.0261639840121	0.98691800799395	-1.730519181	0.0091743119266055	1	1	0.342054661337366	0.342054661337366	0.0130441827805985	0.0131198012315005	((2662:0.014746,697:0.009755):0.000227,7586:0.014632):0.986805;
NF118Sr2b	RyanCt	post	515	10	0.03402	0.000133862244444445	0.0115698852390352	0.01792	0.04667	0.038885	0.0294474381874257	0.0318594816586305	9	0.98895468512543	0.000412448153812361	0.0203088196065739	0.970095126959515	1.0251694781395	0.984907339056209	0.988590988808531	0.988771667265355	1.09940783387113	0.975148041532218	-2.880605767	0.0595793518567314	0.333333333333333	0.222222222222222	0.219881566774226	0.219881566774226	0.0227550392144853	0.0258625413823227	((17917:0.014570,21712:0.014587):0.000242,((30967:0.035443,20963:0.039779):0.010622,36175:0.009397):0.004674):0.970095;
NF118Sr2b	RyanCt	post	510	3	0.0132466666666667	4.85703333333337e-06	0.00220386781212789	0.01079	0.01505	0.0139	0.0129833015220524	0.0131176965928571	5	0.995658992947783	4.27417555886045e-05	0.00653771791901459	0.989015870230431	1.00421707228797	0.996682277328712	0.995624673163968	0.995641829179095	1.02170503526109	0.989147482369457	-1.730265878	0.0105193951347798	1	1	0.340568345087029	0.340568345087028	0.010808646917534	0.0108963883435516	((23660:0.009822,1739:0.014938):0.000263,31394:0.007666):0.989016;
NF118Sr2b	RyanCt	post	1050	10	0.022272	2.17943066666667e-05	0.00466843728314591	0.01326	0.02845	0.02222	0.0212384277183412	0.0217822761993844	9	0.992804926810612	8.72544983991919e-05	0.00934101163681921	0.980412928966308	1.00539793470324	0.995390893918848	0.99272671395451	0.99276583510892	1.0647556587045	0.983811085323876	-2.919179550	0.137924679798605	0.5	0.166666666666667	0.212951131740899	0.212951131740899	0.0142543287785543	0.0168685459476374	(3773:0.019998,((18175:0.013723,14920:0.007888):0.007921,(37927:0.019835,10677:0.009828):0.004889):0.000261):0.980413;
NF118Sr2b	RyanCt	post	1088	3	0.0172066666666667	9.10863333333344e-06	0.00301805124763206	0.01381	0.01958	0.01823	0.0168219468467449	0.0170188813903307	5	0.99440714425396	7.16683834063314e-05	0.00846571812703042	0.985903787236816	1.00568737370445	0.995828172870087	0.994349550690929	0.994378336620411	1.0279642787302	0.9860178606349	-1.730513159	0.00709939148073022	1	1	0.342654759576733	0.342654759576733	0.0139441148990722	0.0140201638311279	(39375:0.009924,(3572:0.019555,16570:0.012353):0.000228):0.985904;
NF118Sr2b	RyanCt	post	1107	3	0.0182266666666667	4.2333333334036e-09	6.50640709870171e-05	0.01816	0.01829	0.01823	0.0182265117833611	0.0182265892320747	5	0.994219935023293	6.26672593053712e-05	0.00791626548982355	0.98543058993126	1.00015369694143	0.999788004218716	0.994169362906359	0.994194673154034	1.02890032488353	0.985549837558233	-1.730444876	0.00819224467504096	1	1	0.342966774961178	0.342966774961178	0.0144104132327767	0.0144899116507581	((24427:0.014389,5044:0.014485):0.000238,24980:0.014357):0.985431;
NF118Sr2b	RyanCt	post	1129	3	0.0182066666666667	4.43333333336338e-09	6.65832811850196e-05	0.01813	0.01825	0.01824	0.018206503998165	0.0182065853880951	5	0.994198731771208	6.31204457910428e-05	0.00794483768185624	0.985385020844314	1.00009583592889	0.999824300797035	0.994147792212834	0.994173286460554	1.02900634114396	0.985496829428019	-1.730545214	0.00766283524904215	1	1	0.343002113714654	0.343002113714654	0.0144659010440792	0.0145404400998823	(7010:0.014439,(23043:0.014471,25368:0.014487):0.000224):0.985385;
NF118Sr2b	RyanCt	post	1159	6	0.08033	0.000160070359999999	0.0126518915581821	0.05658	0.09436	0.08276	0.0782959961927714	0.0793789106109745	7	0.977194853117362	0.00085520778443667	0.0292439358574845	0.938471430168847	1.00905736330091	0.995107905624511	0.976438244887134	0.976817568823874	1.15963602817846	0.946787990607179	-2.322564456	0.0801520228056796	1	0.666666666666667	0.289909007044616	0.289909007044616	0.0508987476238399	0.0552911495024041	(((32771:0.039067,3350:0.040017):0.010190,33087:0.063206):0.007380,11234:0.061305):0.938471;
NF118Sr2b	RyanCt	post	1220	3	0.0197066666666667	4.61777333333334e-05	0.00679542002626279	0.01186	0.02364	0.02362	0.0177561842570484	0.0187789231577317	5	0.994744397361839	6.11607452012386e-05	0.00782053356243924	0.982532298721863	1.00006906179551	0.999950670146066	0.994694918506586	0.994719706470724	1.0262780131908	0.986860993404599	-1.673606456	0.330321852060983	1	1	0.342092671063601	0.342092671063601	0.0116961083678231	0.0145819048229798	(22888:0.017537,(16492:0.008791,8713:0.008761):0.008657):0.982532;
NF118Sr2b	RyanCt	post	1208	3	0.02326	5.23509999999995e-06	0.00228803409065511	0.0216	0.02587	0.02231	0.0231171009236531	0.0231872858893877	5	0.993372515814116	9.99777717363148e-05	0.00999888852504691	0.981003137919012	1.00571798575484	0.994944463814315	0.993291951715273	0.993332241316565	1.03313742092942	0.983431289535289	-1.699484515	0.127151799687011	1	1	0.344379140309807	0.344379140309807	0.0157593265926184	0.0173780943368033	(3935:0.013941,(11413:0.019859,16724:0.013478):0.004856):0.981003;
NF118Sr2b	RyanCt	post	1340	3	0.0347466666666667	5.06382333333329e-05	0.00711605461849	0.03043	0.04296	0.03085	0.0338773718530251	0.0342931304202493	5	0.990999246070869	0.000319819204088745	0.0178834897066748	0.969436872933944	1.01700690135127	0.985559357420402	0.990742535917016	0.990870643798746	1.04500376964565	0.977498115177173	-1.634485373	0.264951155587324	1	1	0.348334589881884	0.348334589881884	0.0198148040750836	0.0251889655705697	((28783:0.031448,27548:0.013281):0.016122,17910:0.014716):0.969437;
NF118Sr2b	RyanCt	post	1377	10	0.024028	1.87727733333333e-05	0.00433275585895782	0.01778	0.02727	0.02689	0.023216861366976	0.0236385357421961	9	0.992785201380921	8.67093134671038e-05	0.00931178358141467	0.979072365825526	1.00187020590335	0.997322684302618	0.992707241711283	0.992746275231212	1.06493318757171	0.983766703107071	-2.894969034	0.0643510365759551	1	0.5	0.212986637514343	0.212986637514343	0.0152929236347647	0.0171721643492376	(13037:0.018265,(33301:0.018040,((10927:0.013402,17097:0.013372):0.000226,26455:0.013387):0.008960):0.000211):0.979072;
NF118Sr2b	RyanCt	post	1406	6	0.0217816666666667	2.02034966666667e-05	0.00449482999307724	0.01516	0.02743	0.022785	0.0209372138910842	0.0213698280791815	7	0.993189929436438	8.46494079886166e-05	0.00920051128952172	0.982510985706131	1.0059726995146	0.99630297945376	0.993116881745067	0.993153404089305	1.04767049394493	0.984109835351689	-2.416921124	0.0852152115575421	0	0	0.261917623486233	0.261917623486233	0.0150907398255313	0.0162898770597002	((21767:0.014007,9697:0.009225):0.004567,(27815:0.013899,302:0.023232):0.000230):0.982511;
NF118Sr2b	RyanCt	post	1480	10	0.272496	0.0107375879155555	0.103622333092609	0.05424	0.41075	0.29197	0.197508783331238	0.243901607593689	9	0.92773591273766	0.0129817564094462	0.113937510984953	0.796140287175207	1.14947309663102	0.917521806401964	0.91617940300457	0.921810573289915	1.65037678536106	0.837405803659736	-2.423143861	0.213495566106761	0.333333333333333	0.222222222222222	0.330075357072211	0.330075357072211	0.143349149015155	0.17084729963717	((15203:0.020865,34235:0.052623):0.100517,((11190:0.316359,34325:0.096154):0.009403,13210:0.230745):0.027571):0.796140;
NF118Sr2b	RyanCt	pre	1180	3	0.0163466666666667	1.41050333333332e-05	0.00375566682938373	0.01201	0.01852	0.01851	0.0156834471030195	0.0160274145269461	5	0.994792581825152	6.73302805327403e-05	0.00820550306396508	0.9868696388352	1.00662907528393	0.996677475520342	0.994738578231981	0.994765556107209	1.02603709087424	0.98698145456288	-1.730540761	0.011522633744856	1	1	0.342012363624746	0.342012363624746	0.0129812735278927	0.0130558173463466	(22235:0.019759,(16231:0.009584,30721:0.009600):0.000224):0.986870;
NF118Sr2b	RyanCt	pre	3357	3	0.03792	0.0005228652	0.0228662458659046	0.01174	0.05398	0.04804	0.0240924684189618	0.0312249193476639	5	0.988967180635714	0.000364962234865152	0.0191039847902251	0.957171160306659	1.00444482728917	0.992660866569041	0.988666554451812	0.988817768385933	1.05516409682143	0.972417951589284	-1.531830067	0.601222826086956	1	1	0.351721365607144	0.351721365607144	0.0224997846498406	0.032664312171591	((3971:0.004996,15281:0.015230):0.030494,39349:0.047274):0.957171;
NF118Sr2b	RyanCt	pre	257	3	0.0629533333333333	0.00148803363333333	0.0385750389932834	0.01843	0.08635	0.08408	0.0385933642523835	0.0511477805754884	5	0.985511514071319	0.000665333678252722	0.0257940628488945	0.950482389864001	1.02204657290093	0.98751081664019	0.984972125034369	0.985241698007687	1.07244242964341	0.963778785178297	-1.560255798	0.527678113787801	1	1	0.357480809881135	0.357480809881135	0.031789083050271	0.040653346593135	((27311:0.010436,9014:0.013367):0.026593,16009:0.071564):0.950482;
NF118Sr2b	RyanCt	mixed	612	3	0.0165466666666667	1.9521333333333e-06	0.00139718765143888	0.01574	0.01816	0.01574	0.0164716711486746	0.0165085311450842	5	0.995174112355884	6.46821192711311e-05	0.00804251946041358	0.9861607575379	1.00360003875396	0.992799922492083	0.995122172958057	0.995148132851708	1.02412943822058	0.987935280889709	-1.708041619	0.11328125	1	1	0.341376479406861	0.341376479406861	0.0114732113263542	0.0126562268942272	((8480:0.013890,18506:0.013890):0.003549,34085:0.006639):0.986161;
NF118Sr2b	RyanCt	mixed	953	3	0.0334133333333333	9.92217333333335e-05	0.00996101065822809	0.02216	0.0411	0.03698	0.0310884378684082	0.03229432128343	5	0.991112165186843	0.000522373298105672	0.0228554872646739	0.970146598876421	1.02685916724723	0.985414227057795	0.990696832033609	0.990903441679521	1.04443917406578	0.977780412967108	-1.704126002	0.217851099830795	1	1	0.348146391355261	0.348146391355261	0.0196749823359965	0.0247641917297877	((15059:0.041445,37390:0.013370):0.015268,18276:0.004210):0.970147;
NF118Sr2b	RyanCt	mixed	997	3	0.0543866666666667	0.00138415243333333	0.0372041991357606	0.01147	0.07751	0.07418	0.0264163007620685	0.0404019811109831	5	0.985753996897701	0.000658798612115596	0.0256670725271815	0.945940134842505	1.0167247707831	0.989080521554836	0.98521215617246	0.985484273651498	1.0712300155115	0.964384992244252	-1.493465781	0.676810369118061	1	1	0.357076671837165	0.357076671837165	0.0294667219551651	0.0417632935563303	(4360:0.070785,(11732:0.006251,8510:0.011365):0.036890):0.945940;
NF118Sr2b	RyanCt	mixed	1158	10	0.087406	0.000179290759999998	0.0133899499625651	0.05658	0.1045	0.08971	0.085103267174797	0.0863398514205839	9	0.977872322040123	0.0025181196224644	0.0501808690883727	0.895744936354175	1.03205736701854	0.977832610908425	0.975518933225051	0.976706102939715	1.19914910163889	0.950212724590277	-2.308011445	0.127050990714258	1	0.5	0.239829820327779	0.239829820327779	0.0442632981460938	0.0606808330569439	((((32771:0.039957,3350:0.040929):0.010422,33087:0.064647):0.007548,11234:0.062702):0.064118,33355:0.013081):0.895745;
NF118Sr2b	RyanCt	mixed	1243	3	0.01826	1.48000000000596e-08	0.000121655250606209	0.01812	0.01834	0.01832	0.0182594576333543	0.0182597291525771	5	0.994524338223868	5.62297941408829e-05	0.00749865282173291	0.9861905454108	1.00007017508684	0.999889724863534	0.994478981796275	0.994501680600439	1.02737830888066	0.986310845559671	-1.730428301	0.0087527352297593	1	1	0.342459436293552	0.342459436293552	0.0136490543907048	0.0137292544899524	(8068:0.013699,(40231:0.013609,14688:0.013639):0.000241):0.986191;
NF118Sr2b	RyanCt	mixed	1339	6	0.0409033333333333	0.000117280306666667	0.0108296032552752	0.03043	0.05879	0.039545	0.0387448831508924	0.0397801491638955	7	0.989320103469301	0.000384905722362679	0.0196190143066026	0.960988826897024	1.02182178390898	0.988812329744927	0.988988048716011	0.989153837750852	1.07475927571489	0.97508024142837	-2.250154750	0.205752145666595	1	0.666666666666667	0.268689818928722	0.268689818928722	0.021133479977275	0.0284426122044663	(((28783:0.031596,27548:0.013344):0.016199,17910:0.014786):0.013038,2733:0.024808):0.960989;
NF118Sr2b	RyanCt	mixed	1474	3	0.04036	2.07024999999998e-05	0.00454999999999998	0.03611	0.04516	0.03981	0.040023498405279	0.0401906040093277	5	0.989729543804222	0.000215775784567329	0.0146893085122251	0.974228314457877	1.00554161305528	0.993630329821522	0.989554728519472	0.98964220024381	1.05135228097889	0.974323859510554	-1.730791562	0.00331052747737806	1	1	0.350450760326297	0.350450760326297	0.0256442921385531	0.0257079888403378	((8105:0.026409,38225:0.031122):0.000191,9423:0.019402):0.974228;
NF118Sr2b	RyanCt	mixed	3238	3	0.0214933333333333	4.87820333333333e-05	0.00698441359981876	0.01545	0.02914	0.01989	0.0200912773694214	0.0207659085974955	5	0.992662424772009	0.000147705723778424	0.0121534243642861	0.977170073720355	1.00894120832462	0.991864915756957	0.99254349520903	0.992602941179048	1.03668787613996	0.981656061930021	-1.672090932	0.239290989660266	1	1	0.345562625379986	0.345562625379986	0.0168486086667569	0.019839267473201	((4819:0.005723,30008:0.022799):0.008972,7349:0.022024):0.977170;
NF118Sr2b	RyanCt	mixed	3355	6	0.03153	0.00026366988	0.0162379148907734	0.01174	0.05398	0.02727	0.0244127109179298	0.0279092229457229	7	0.990453137030758	0.00049642736816106	0.022280650083897	0.96728691215269	1.01531602915183	0.998354332285562	0.990022634345837	0.99023801438241	1.0668280407847	0.977723986405101	-2.234932978	0.301839052468241	1	0.666666666666667	0.266707010196174	0.266707010196174	0.0171184271247834	0.0248852821580015	(35546:0.000244,((3971:0.005050,15281:0.015394):0.030824,39349:0.047785):0.000244):0.967287;
NF118Sr2b	ShellfishLab	post	1468	3	0.109793333333333	0.00496677623333333	0.0704753590507585	0.02843	0.15181	0.14914	0.0618985492164701	0.0863423357110922	5	0.979147946119485	0.00334506470341656	0.0578365343309621	0.890198304210877	1.02575311840629	1.00554142638655	0.976297362956901	0.977741927871209	1.10426026940257	0.947869865298713	-1.344527452	0.757361099257489	1	1	0.368086756467525	0.368086756467525	0.0329062810053421	0.0713539883972323	(38244:0.061766,(25186:0.020212,40799:0.016741):0.115343):0.890198;
NF118Sr2b	ShellfishLab	pre	86	3	0.1826	0.00133253670000001	0.0365039271859893	0.14047	0.20482	0.20251	0.17710272781807	0.179942661306282	5	0.850174541736654	0.0451675622208075	0.21252661532337	0.548952019279924	1.01473745709487	0.98064704593588	0.800392847849891	0.826299983337947	1.74912729131673	0.625436354341635	-1.126149774	0.19905348386361	1	1	0.58304243043891	0.58304243043891	0.349068867304462	0.400058424012269	((15522:0.312817,31497:0.302695):0.152969,21334:0.431695):0.548952;
NF118Sr2b	ShellfishLab	pre	91	6	0.277306666666667	0.00943306074666666	0.0971239452795584	0.14981	0.39053	0.272825	0.246774949556963	0.26218324606652	7	0.813299261059877	0.0834140676144054	0.288814936619291	0.360782185701273	1.25192348688928	0.810015697978643	0.706375626116127	0.76297840023313	2.30690517258086	0.564364942473045	-0.9943322443	0.314866788200709	0	0	0.576726293145216	0.576726293145216	0.333843679141069	0.486530746719898	((10519:0.391674,3247:0.363030):0.230896,(16768:0.511289,27180:0.069381):0.379852):0.360782;
NF118Sr2b	ShellfishLab	pre	153	6	0.0248133333333333	4.10030666666666e-05	0.00640336369939008	0.01551	0.03421	0.02472	0.0233402194215289	0.0240912393554756	7	0.983898070271092	0.00063315617252376	0.0251625947096829	0.957611211912657	1.02192955014703	0.981292623412376	0.983353791391626	0.983624694846245	1.11271350810236	0.962428830632547	-2.384893567	0.0298746706186302	1	0.666666666666667	0.27817837702559	0.27817837702559	0.0369142213601952	0.0387755740474254	(((495:0.016236,2688:0.056873):0.000438,1110:0.049709):0.007007,33389:0.024839):0.957611;
NF118Sr2b	ShellfishLab	pre	224	3	0.0226133333333333	0.000150480533333333	0.0122670507186256	0.0094	0.03364	0.0248	0.0170037108776474	0.0198675893049778	5	0.992390308602773	0.000326898509614537	0.0180803348866811	0.980857748228246	1.02243566326273	0.981093794785619	0.99213130459582	0.992260053379391	1.03804845698614	0.980975771506932	-1.730475372	0.00414446417998816	1	1	0.346016152328712	0.346016152328712	0.018984887400172	0.0190635695859631	(17020:0.000236,(25414:0.015377,28297:0.041342):0.000236):0.980858;
NF118Sr2b	ShellfishLab	pre	216	6	0.0298333333333333	8.02587466666666e-05	0.00895872461160999	0.02095	0.04273	0.025935	0.0278629007984865	0.0287927892469719	7	0.988905049858277	0.000359417177461611	0.018958301017275	0.966268039643747	1.02490291918626	0.989509476246595	0.9885977886386	0.988750712172391	1.07766465099206	0.974111783002647	-2.316083209	0.133679474878899	1	0.666666666666667	0.269416162748015	0.269416162748015	0.0234539518170051	0.0278491528370781	(7419:0.023918,(27035:0.023183,(3810:0.041054,4553:0.005661):0.011630):0.005950):0.966268;
NF118Sr2b	ShellfishLab	pre	374	10	0.043056	0.000214921604444445	0.0146602047886257	0.01848	0.06932	0.04143	0.0381887269634132	0.0407184909773313	9	0.99001201126391	0.000441506448663809	0.0210120548415382	0.960880500144436	1.03289949672834	0.98750168949808	0.989620234834135	0.989815359054064	1.08989189862481	0.977527025343796	-2.736267477	0.144326846192671	1	0.5	0.217978379724963	0.217978379724963	0.0190813900792673	0.0258022796960759	(30559:0.019837,(13440:0.019651,((25632:0.007871,19898:0.038415):0.006983,8564:0.009633):0.020261):0.006360):0.960881;
NF118Sr2b	ShellfishLab	pre	251	6	0.0892183333333333	0.00097926581666667	0.0312932231747813	0.05529	0.12798	0.08662	0.0800198362899425	0.0845444238557705	7	0.978406661219949	0.0023010163055619	0.0479689097808351	0.926312861786639	1.06137292054166	0.969228362334208	0.976432670747544	0.977412610169811	1.15115337146036	0.949615542846547	-2.222141538	0.239071214422541	0	0	0.287788342865089	0.287788342865089	0.0387331166234985	0.0562101274184296	((21328:0.042707,11803:0.035336):0.000209,(34152:0.065361,29130:0.011528):0.069699):0.926313;
