child	parent	length
n2		0
n3	n2	0.0281
n4	n3	0.01405
n5	n4	0.00991
n6	n5	0.01085
n31	n6	0.03225
11309	n31	0.25562
n59	n31	0.00874
n60	n59	0.01327
28276	n60	0.12242
n121	n60	0.03689
n768	n121	0.04228
22679	n768	0.01089
n770	n768	0.00474
25274	n770	0.00014
26317	n770	0.00298
n775	n121	0.00056
n782	n775	0.15023
n783	n782	0.01018
692	n783	0.00792
n785	n783	0.00424
3203	n785	0.00285
n787	n785	0.00285
34437	n787	0.00572
13910	n787	0.01151
n790	n782	0.0038
17173	n790	0.00016
n792	n790	0.03852
35034	n792	0.02012
9184	n792	0.00361
n795	n775	0.00889
33501	n795	0.16569
n825	n795	0.01785
n831	n825	0.01816
27206	n831	0.00014
9159	n831	0.00576
n837	n825	0.0136
8347	n837	0.003
n858	n837	0.01823
n859	n858	0.00738
27617	n859	0.04083
n861	n859	0.02679
39964	n861	0.00285
13916	n861	0.00014
n864	n858	0.00337
10100	n864	0.04126
n869	n864	0.05544
11039	n869	0.00711
776	n869	0.04927
n979	n59	0.04454
n982	n979	0.04657
10811	n982	0.07049
32995	n982	0.0841
n988	n979	0.14385
3065	n988	0.02527
n990	n988	0.01349
34171	n990	0.00244
14076	n990	0.01328
n1037	n6	0.38509
n1038	n1037	0.00439
n1039	n1038	0.0091
n1040	n1039	0.00015
n1041	n1040	0.00015
n1042	n1041	0.00015
n1043	n1042	0.00016
n1044	n1043	0.02444
n1045	n1044	0.00015
n1046	n1045	0.00011
n1047	n1046	0.00136
n1050	n1047	0.03181
11216	n1050	0.00015
27471	n1050	0.01359
25271	n1047	0.01
14375	n1046	0.0127
23702	n1045	0.06446
21141	n1044	0.01404
n1057	n1043	0.00016
n1058	n1057	0.03404
15620	n1058	0.11705
n1061	n1058	0.05802
n1062	n1061	0.0862
n1063	n1062	0.04729
35988	n1063	0.00015
2403	n1063	0.13505
40499	n1062	0.07848
9743	n1061	0.04603
23302	n1057	0.09914
28095	n1042	0.01448
16126	n1041	0.05521
n1072	n1040	0.00822
11839	n1072	0.02987
29512	n1072	0.01368
n1075	n1039	0.01245
n1076	n1075	0.0103
11369	n1076	0.02963
32641	n1076	0.00986
22096	n1075	0.06166
n1084	n1038	0.00015
8810	n1084	0.03143
10292	n1084	0.00567
11763	n1037	0.00265
n1091	n5	0.01285
n1092	n1091	0.01485
n1111	n1092	0.15909
n1112	n1111	0.04912
32767	n1112	0.41775
n1119	n1112	0.19535
18832	n1119	0.08059
n1121	n1119	0.01646
n1122	n1121	0.07289
4007	n1122	0.0189
n1124	n1122	0.04491
9811	n1124	0.01033
10824	n1124	0.24605
13917	n1121	0.05753
n1153	n1111	0.31227
11117	n1153	0.01042
13208	n1153	0.00954
n1174	n1092	0.04124
n1175	n1174	0.1406
n1176	n1175	0.10589
n1177	n1176	0.01076
21102	n1177	0.00615
3202	n1177	0.00615
n1180	n1176	0.0272
n1181	n1180	0.00016
n1182	n1181	0.00016
n1183	n1182	0.00014
3190	n1183	0.01236
22609	n1183	0.00014
n1186	n1182	0.00014
24825	n1186	0.00306
n1188	n1186	0.00014
28952	n1188	0.0062
24754	n1188	0.01553
35564	n1181	0.01224
n1192	n1180	0.00281
n1193	n1192	0.00016
1686	n1193	0.01261
3100	n1193	0.00614
n1202	n1192	0.00282
n1203	n1202	0.00014
1409	n1203	0.00306
24947	n1203	0.01863
n1206	n1202	0.00014
33683	n1206	0.05967
34327	n1206	0.01126
30476	n1175	0.17321
n1214	n1174	0.07778
25925	n1214	0.32392
n1230	n1214	0.10546
18636	n1230	0.0665
n1232	n1230	0.01098
1464	n1232	0.00014
18731	n1232	0.00014
n1235	n1091	0.02354
n1236	n1235	0.01702
n1237	n1236	0.001
10850	n1237	0.26251
n1288	n1237	0.03569
n1289	n1288	0.03298
n1290	n1289	0.01076
n1292	n1290	0.09853
13535	n1292	0.02255
7374	n1292	0.00014
11953	n1290	0.08887
n1317	n1289	0.07618
26194	n1317	0.00685
26938	n1317	0.00015
n1320	n1288	0.02713
n1321	n1320	0.04579
16671	n1321	0.10726
35881	n1321	0.11755
n1332	n1320	0.01052
n1349	n1332	0.0823
n1350	n1349	0.01025
n1351	n1350	0.0057
n1352	n1351	0.00859
n1353	n1352	0.00987
n1355	n1353	0.02721
n1356	n1355	0.0092
n1357	n1356	0.00386
1310	n1357	0.02342
n1387	n1357	0.01838
n1388	n1387	0.00015
16514	n1388	0.10177
n1390	n1388	0.00014
3559	n1390	0
4048	n1390	0
15091	n1387	0.00621
n1394	n1356	0.00459
n1395	n1394	0.00283
6832	n1395	0.01189
9116	n1395	0.00014
n1398	n1394	0.00298
26427	n1398	0.00016
34450	n1398	0.02449
n1402	n1355	0.01453
13696	n1402	0.01516
n1404	n1402	0.01515
26534	n1404	0.00294
29407	n1404	0.01487
8824	n1353	0.07058
n1421	n1352	0.04403
20414	n1421	0
23895	n1421	0
n1429	n1351	0.03308
21072	n1429	0.01242
639	n1429	0.01061
n1432	n1350	0.00717
1559	n1432	0.06484
n1458	n1432	0.02035
n1460	n1458	0.06856
2210	n1460	0.00337
31905	n1460	0.00331
n1470	n1458	0.02707
13010	n1470	0.00016
n1472	n1470	0.00595
2398	n1472	0.01879
14311	n1472	0.02163
n1475	n1349	0.00544
229	n1475	0.05113
n1481	n1475	0.02671
31991	n1481	0.00014
35493	n1481	0.06667
n1490	n1332	0.06704
n1491	n1490	0.01147
3652	n1491	0.04651
n1494	n1491	0.06534
30511	n1494	0.00016
n1500	n1494	0.00558
23799	n1500	0.00529
n1502	n1500	0.00014
4715	n1502	0.00925
12978	n1502	0.00306
n1506	n1490	0.03275
n1507	n1506	0.00132
n1510	n1507	0.05141
n1511	n1510	0.10259
12835	n1511	0.01332
9147	n1511	0.00327
n1518	n1510	0.04392
34945	n1518	0.02222
6044	n1518	0.03497
n1526	n1507	0.01164
n1527	n1526	0.03192
n1528	n1527	0.00777
27406	n1528	0.00469
n1532	n1528	0.06704
903	n1532	0.032
33034	n1532	0.13501
n1537	n1527	0.00014
n1538	n1537	0.00237
n1539	n1538	0.00467
21582	n1539	0.00926
11522	n1539	0.00249
n1544	n1538	0.00014
40429	n1544	0.00612
n1546	n1544	0.00016
15633	n1546	0.00615
n1548	n1546	0.00015
19133	n1548	0.02498
n1550	n1548	0.00307
35217	n1550	0.0031
n1552	n1550	0.00803
17979	n1552	0.00785
4334	n1552	0.04198
n1557	n1537	0.00012
n1558	n1557	0.00612
n1559	n1558	0.00798
19098	n1559	0.02513
36464	n1559	0.00798
n1562	n1558	0.00015
29577	n1562	0.01225
n1564	n1562	0.00639
39057	n1564	0.00014
n1566	n1564	0.00014
5530	n1566	0.0123
26341	n1566	0.03534
n1573	n1557	0.01984
40362	n1573	0.00917
n1577	n1573	0.00031
19148	n1577	0.00914
n1585	n1577	0.00029
n1586	n1585	0.00893
n1587	n1586	0.00294
12671	n1587	0.01871
13592	n1587	0.00924
10421	n1586	0.00015
n1591	n1585	0.00015
27368	n1591	0.00852
29572	n1591	0.0125
8961	n1526	0.02634
n1605	n1506	0.06181
21336	n1605	0.06324
n1611	n1605	0.02966
n1612	n1611	0.04094
12283	n1612	0.00177
3872	n1612	0.02172
15833	n1611	0.09701
n1644	n1236	0.19206
33205	n1644	0.18328
n1647	n1644	0.07928
n1648	n1647	0.06328
n1669	n1648	0.04574
11847	n1669	0.01286
30121	n1669	0.01386
n1716	n1648	0.16556
33616	n1716	0.01934
n1725	n1716	0.00749
n1726	n1725	0.00949
10010	n1726	0.00015
38977	n1726	0.0096
n1729	n1725	0.00014
n1730	n1729	0.00016
32617	n1730	0.00955
35723	n1730	0.02983
17082	n1729	0.00317
1850	n1647	0.05421
n1747	n1235	0.03358
n1748	n1747	0.0437
n1750	n1748	0.07483
39602	n1750	0.13371
n1752	n1750	0.1768
2897	n1752	0.00015
14086	n1752	0.00643
35859	n1748	0.23061
n1765	n1747	0.00565
n1773	n1765	0.06131
n1775	n1773	0.02187
n1776	n1775	0.0146
1667	n1776	0.15345
n1780	n1776	0.00014
n1781	n1780	0.01775
n1797	n1781	0.0516
n1798	n1797	0.02875
18057	n1798	0.00958
n1800	n1798	0.01929
22168	n1800	0.06547
n1804	n1800	0.0003
31845	n1804	0.03086
26312	n1804	0.00029
n1825	n1797	0.00497
n1826	n1825	0.00016
n1848	n1826	0.00376
11838	n1848	0.11639
n1860	n1848	0.00527
n1861	n1860	0.00582
n1862	n1861	0.00014
13810	n1862	0.00628
n1864	n1862	0.00595
21896	n1864	0.00309
2957	n1864	0.01808
27761	n1861	0.00626
n1868	n1860	0.00016
n1869	n1868	0.0001
9892	n1869	0.00943
n1871	n1869	0.0001
n1872	n1871	0.00011
n1873	n1872	0.00011
n1874	n1873	0.00361
n1875	n1874	0.00162
n1876	n1875	0.00207
9002	n1876	0.00942
n1878	n1876	0.00011
n1879	n1878	0.00011
27212	n1879	0.00942
n1881	n1879	0.00012
n1884	n1881	0.00026
n1885	n1884	0.01354
17553	n1885	0.06705
7646	n1885	0.00384
n1888	n1884	0.01423
13707	n1888	0.00628
40417	n1888	0.00641
5072	n1881	0.0094
n1896	n1878	0.00313
34037	n1896	0.00627
37028	n1896	0.00627
24215	n1875	0.00946
n1900	n1874	0.00312
17178	n1900	0
32932	n1900	0
n1904	n1873	0.01266
n1905	n1904	0.00485
29199	n1905	0.04231
5487	n1905	0.03091
16272	n1904	0.00308
27007	n1872	0.00942
12505	n1871	0.01262
n1918	n1868	0.025
4006	n1918	0.01258
n1920	n1918	0.01234
20208	n1920	0.00627
24046	n1920	0.0806
18843	n1826	0.05928
15951	n1825	0.05513
n1948	n1781	0.05096
8277	n1948	0.00438
39378	n1948	0.01294
n1982	n1780	0.05487
n1983	n1982	0.01137
28074	n1983	0.00589
36697	n1983	0.0003
n1988	n1982	0.00663
n1989	n1988	0.00014
15743	n1989	0
3157	n1989	0
12326	n1988	0.01493
n2026	n1775	0.0699
20586	n2026	0.0628
n2082	n2026	0.0261
n2085	n2082	0.01492
6103	n2085	0.06596
38773	n2085	0.00014
8891	n2082	0.01581
n2105	n1773	0.01311
n2110	n2105	0.05853
27426	n2110	0.00321
25624	n2110	0.00296
n2119	n2105	0.00892
n2123	n2119	0.04155
n2124	n2123	0.09776
37035	n2124	0.00015
n2126	n2124	0.01845
n2127	n2126	0.03433
27283	n2127	0.00288
35782	n2127	0.00613
n2138	n2126	0.01477
749	n2138	0.03203
6485	n2138	0.01486
n2147	n2123	0.1137
21803	n2147	0.16057
n2183	n2147	0.06568
n2184	n2183	0.00345
9683	n2184	0.00015
n2189	n2184	0.03184
2451	n2189	0.03001
n2191	n2189	0.00014
25716	n2191	0.01187
40172	n2191	0.0036
2196	n2183	0.00293
9307	n2119	0.06729
n2217	n1765	0.01965
n2218	n2217	0.01497
n2219	n2218	0.0318
14266	n2219	0.01951
25457	n2219	0.00284
n2222	n2218	0.00713
30070	n2222	0.04892
10518	n2222	0.05595
n2225	n2217	0.00667
n2228	n2225	0.03864
31359	n2228	0.02017
n2230	n2228	0.00191
33872	n2230	0.00319
35737	n2230	0.03392
11224	n2225	0.08009
n2252	n4	0.02115
n2253	n2252	0.00014
n2254	n2253	0.05108
9688	n2254	0.18676
n2257	n2254	0.04552
n2258	n2257	0.03256
n2264	n2258	0.04892
13329	n2264	0
5959	n2264	0
9052	n2258	0.01197
18593	n2257	0.08058
n2277	n2253	0.02556
n2278	n2277	0.03919
n2279	n2278	0.05397
4556	n2279	0.15757
n2297	n2279	0.04065
6407	n2297	0.08173
n2299	n2297	0.04101
5280	n2299	0.01817
n2301	n2299	0.00316
15320	n2301	0.00979
24457	n2301	0.01318
14231	n2278	0.23403
n2309	n2277	0.00377
30798	n2309	0.3653
n2311	n2309	0.03195
n2316	n2311	0.06798
19310	n2316	0.0645
15346	n2316	0.18982
n2324	n2311	0.04024
n2326	n2324	0.05191
n2329	n2326	0.02007
27304	n2329	0.04213
n2331	n2329	0.01229
n2332	n2331	0.0114
n2333	n2332	0.06975
n2334	n2333	0.00363
25225	n2334	0.00015
10172	n2334	0.00606
n2337	n2333	0.00453
39540	n2337	0.00619
6104	n2337	0.0612
n2340	n2332	0.00945
n2341	n2340	0.03903
27366	n2341	0.04903
n2343	n2341	0.04347
28715	n2343	0.00015
38984	n2343	0.00614
n2346	n2340	0.00744
28637	n2346	0.02503
n2356	n2346	0.0836
3567	n2356	0.06107
33530	n2356	0.00016
n2359	n2331	0.08136
15528	n2359	0.06356
3486	n2359	0.02305
n2364	n2326	0.02636
n2365	n2364	0.05592
4184	n2365	0.00303
n2367	n2365	0.00739
9448	n2367	0.1426
875	n2367	0.01554
n2370	n2364	0.01235
n2371	n2370	0.05142
40081	n2371	0.08581
n2373	n2371	0.05238
31608	n2373	0.01733
38315	n2373	0.02864
n2376	n2370	0.07596
19617	n2376	0.01142
5065	n2376	0.02639
n2380	n2324	0.02535
n2397	n2380	0.02077
n2398	n2397	0.00507
n2399	n2398	0.0156
18422	n2399	0.119
n2401	n2399	0.00648
n2407	n2401	0.13662
n2408	n2407	0.11012
7829	n2408	0.03725
n2413	n2408	0.06408
33888	n2413	0.01407
n2415	n2413	0.03284
21534	n2415	0.02303
22838	n2415	0.00337
n2426	n2407	0.09402
3332	n2426	0.00528
n2428	n2426	0.00396
17647	n2428	0.00014
n2430	n2428	0.0013
31889	n2430	0.02276
37945	n2430	0.00161
n2449	n2401	0.04646
14345	n2449	0.01884
19334	n2449	0.02933
n2452	n2398	0.06652
15671	n2452	0.04214
1747	n2452	0.00015
n2459	n2397	0.01524
n2460	n2459	0.02474
n2461	n2460	0.04545
31781	n2461	0.05615
n2464	n2461	0.0381
n2465	n2464	0.01696
n2466	n2465	0.00015
40853	n2466	0.01314
24700	n2466	0.02926
n2473	n2465	0.04374
19760	n2473	0.02912
n2475	n2473	0.01232
28363	n2475	0.01854
5763	n2475	0.01057
16854	n2464	0.05022
n2486	n2460	0.0275
n2487	n2486	0.04301
14558	n2487	0.00016
1382	n2487	0.05708
n2490	n2486	0.03288
n2491	n2490	0.0146
n2492	n2491	0.06144
25044	n2492	0.03303
n2494	n2492	0.01583
31596	n2494	0.00863
39886	n2494	0.03318
n2497	n2491	0.01812
21254	n2497	0.03841
21269	n2497	0.00014
10657	n2490	0.00556
17030	n2459	0.06645
n2502	n2380	0.03256
n2503	n2502	0.02454
29491	n2503	0.04445
34074	n2503	0.06164
n2506	n2502	0.01245
n2507	n2506	0.04895
n2510	n2507	0.04563
n2514	n2510	0.10174
15486	n2514	0.06437
39258	n2514	0.04051
21924	n2510	0.00805
n2521	n2507	0.01345
n2522	n2521	0.01824
34500	n2522	0.02509
36485	n2522	0.00656
n2525	n2521	0.00284
n2526	n2525	0.04186
n2527	n2526	0.01529
18890	n2527	0.01025
20295	n2527	0.00247
n2530	n2526	0.05901
18449	n2530	0.01039
56	n2530	0.00942
n2533	n2525	0.02519
n2534	n2533	0.0385
17169	n2534	0.06799
30379	n2534	0.1165
n2543	n2533	0.03988
1055	n2543	0.04396
24298	n2543	0.11745
n2549	n2506	0.02819
n2550	n2549	0.0275
233	n2550	0.00333
31859	n2550	0.00014
31402	n2549	0.06872
n2560	n2252	0.05097
n2561	n2560	0.00015
16547	n2561	1.24092
11040	n2561	0.23139
n2566	n2560	0.06713
n2567	n2566	0.19793
n2572	n2567	0.03677
11169	n2572	0.0479
n2574	n2572	0.00015
35216	n2574	0.04687
26970	n2574	0.00014
n2577	n2567	0.04759
n2578	n2577	0.17865
2798	n2578	0.19746
n2580	n2578	0.19603
34237	n2580	0.04075
n2582	n2580	0.01385
10948	n2582	0.03966
n2584	n2582	0.00015
11237	n2584	0.00614
n2586	n2584	0.00015
12551	n2586	0.00014
n2588	n2586	0.00014
7241	n2588	0.00615
17822	n2588	0.01236
n2592	n2577	0.078
n2595	n2592	0.11219
n2596	n2595	0.15101
17564	n2596	0.00415
12796	n2596	0.00846
n2604	n2595	0.06673
30607	n2604	0.00629
30003	n2604	0.05225
n2612	n2592	0.03042
n2613	n2612	0.00014
15700	n2613	0
13103	n2613	0
n2616	n2612	0.00014
9963	n2616	0.06084
16194	n2616	0.01554
n2620	n2566	0.52404
27492	n2620	0.09072
n2622	n2620	0.14336
n2623	n2622	0.04626
7729	n2623	0.01681
n2625	n2623	0.01081
18442	n2625	0.00552
n2627	n2625	0.01048
n2628	n2627	0.02215
32911	n2628	0.00015
35818	n2628	0.00319
4679	n2627	0.00016
n2632	n2622	0.02156
9897	n2632	0.04074
13164	n2632	0.07273
n2635	n3	0.04435
n2636	n2635	0.05845
n2637	n2636	0.22767
17665	n2637	0.01718
39547	n2637	0.00014
36808	n2636	0.41795
n2651	n2635	0.04973
n2666	n2651	0.04692
n2667	n2666	0.01511
n2669	n2667	0.01038
11913	n2669	0.00248
5428	n2669	0.00251
n2677	n2667	0.02316
25849	n2677	0.01825
n2679	n2677	0.01071
18613	n2679	0.00251
23129	n2679	0.00753
20959	n2666	0.06769
n2687	n2651	0.03483
33585	n2687	0.09684
n2689	n2687	0.09387
n2690	n2689	0.15244
16391	n2690	0.00293
35471	n2690	0.02148
23760	n2689	0.10725
n2696	n2	0.01128
n2697	n2696	0.02189
n2698	n2697	0.00441
n2699	n2698	0.00968
n2700	n2699	0.12208
34178	n2700	0.18577
9278	n2700	0.09244
n2703	n2699	0.01448
n2706	n2703	0.05696
16073	n2706	0.18635
n2708	n2706	0.10409
5267	n2708	0.00867
n2710	n2708	0.00376
14537	n2710	0.03453
n2712	n2710	0.00234
24011	n2712	0.00839
5213	n2712	0.00558
n2723	n2703	0.12483
n2724	n2723	0.35557
16166	n2724	0.04166
13424	n2724	0.06242
n2727	n2723	0.03208
16817	n2727	0.06157
n2729	n2727	0.05817
7747	n2729	0.02425
n2731	n2729	0.00015
35436	n2731	0.00015
1316	n2731	0.00014
22930	n2698	0.17858
11460	n2697	0.2208
n2756	n2696	0.00999
n2757	n2756	0.02013
n2759	n2757	0.13025
24055	n2759	0.00346
27906	n2759	0.00623
n2769	n2757	0.02412
n2770	n2769	0.02687
22197	n2770	0.19793
n2779	n2770	0.13036
22460	n2779	0.02287
32936	n2779	0.08747
n2809	n2769	0.27895
27608	n2809	0.05662
5890	n2809	0.04136
n2812	n2756	0.03456
n2813	n2812	0.01236
n2814	n2813	0.00882
n2815	n2814	0.01165
n2816	n2815	0.00804
n2823	n2816	0.1814
254	n2823	0.03894
n2825	n2823	0.01221
19694	n2825	0.04049
n2827	n2825	0.04819
6259	n2827	0.00015
9827	n2827	0.00014
n2836	n2816	0.01178
n2837	n2836	0.00804
1315	n2837	0.17113
n2847	n2837	0.09089
n2848	n2847	0.02354
32972	n2848	0.00014
6386	n2848	0.00282
n2851	n2847	0.0209
5521	n2851	0.0179
n2853	n2851	0.00924
n2854	n2853	0.04072
30563	n2854	0.00014
8650	n2854	0.00014
n2858	n2853	0.00586
37027	n2858	0.00872
34724	n2858	0.02084
n2868	n2836	0.11937
n2873	n2868	0.08234
12814	n2873	0.1069
36348	n2873	0.04492
n2920	n2868	0.0436
17015	n2920	0.00014
n2922	n2920	0.01047
16876	n2922	0.00377
6582	n2922	0.02742
n2925	n2815	0.01046
n2926	n2925	0.0157
n2927	n2926	0.00183
n2928	n2927	0.00683
n2929	n2928	0.00958
n2943	n2929	0.08089
5253	n2943	0.00923
n2945	n2943	0.00224
n2946	n2945	0.00737
16048	n2946	0.01077
8766	n2946	0.05377
22742	n2945	0.0138
21564	n2929	0.12274
n3035	n2928	0.10031
34982	n3035	0.01477
18301	n3035	0.04853
n3045	n2927	0.02286
592	n3045	0.21906
8821	n3045	0.08272
n3054	n2926	0.009
n3055	n3054	0.01579
n3056	n3055	0.03758
13086	n3056	0.00913
32018	n3056	0.03421
n3064	n3055	0.07629
27413	n3064	0.00015
23351	n3064	0.01512
n3072	n3054	0.02787
n3073	n3072	0.07909
15417	n3073	0.00853
n3075	n3073	0.00317
16525	n3075	0.00012
24590	n3075	0.00292
n3080	n3072	0.05114
31990	n3080	0.00542
38232	n3080	0.00588
n3083	n2925	0.00352
n3084	n3083	0.02532
n3086	n3084	0.04227
n3087	n3086	0.13933
n3088	n3087	0.01828
n3089	n3088	0.01252
26961	n3089	0.02192
n3091	n3089	0.02989
n3092	n3091	0.00015
11026	n3092	0.00191
11960	n3092	0.00014
n3095	n3091	0.00421
n3096	n3095	0.00014
5774	n3096	0.00381
n3098	n3096	0.00213
3672	n3098	0.00382
29460	n3098	0.00427
18510	n3095	0.0019
n3102	n3088	0.01043
526	n3102	0.04126
n3109	n3102	0.00438
34881	n3109	0.00979
n3111	n3109	0.00151
n3112	n3111	0.00381
1006	n3112	0.00191
38620	n3112	0.0019
n3115	n3111	0.00165
25298	n3115	0.00014
n3117	n3115	0.00015
18495	n3117	0.01129
29500	n3117	0.00319
n3130	n3087	0.0249
n3131	n3130	0.00277
28796	n3131	0.02245
n3139	n3131	0.00699
n3140	n3139	0.00855
8675	n3140	0.05861
35706	n3140	0.03608
22256	n3139	0.01778
n3164	n3130	0.00942
n3165	n3164	0.01495
27941	n3165	0.00778
5961	n3165	0.00803
n3173	n3164	0.02148
n3174	n3173	0.00977
32716	n3174	0.01283
37564	n3174	0.00318
n3177	n3173	0.00625
n3178	n3177	0.01823
n3179	n3178	0.00528
n3181	n3179	0.0003
2020	n3181	0.00014
n3183	n3181	0.00016
12146	n3183	0.00776
37999	n3183	0.00192
26304	n3179	0.01946
18769	n3178	0.00246
12373	n3177	0.02623
n3218	n3086	0.08699
n3219	n3218	0.05665
11746	n3219	0.00014
9473	n3219	0.00857
n3222	n3218	0.08536
35682	n3222	0.01617
37855	n3222	0.02599
n3230	n3084	0.0197
38742	n3230	0.16194
n3237	n3230	0.10402
n3242	n3237	0.18068
21154	n3242	0.02659
34877	n3242	0.06354
n3249	n3237	0.03629
14671	n3249	0.01484
17126	n3249	0.0533
n3255	n3083	0.03423
n3256	n3255	0.01502
n3257	n3256	0.01809
n3261	n3257	0.09687
25978	n3261	0.17067
n3265	n3261	0.00892
39975	n3265	0.10515
613	n3265	0.14667
n3271	n3257	0.03228
n3272	n3271	0.03791
7407	n3272	0.10803
n3276	n3272	0.04147
n3277	n3276	0.04262
35295	n3277	0.00838
n3279	n3277	0.00542
n3280	n3279	0.03843
37864	n3280	0.048
26320	n3280	0.08993
22410	n3279	0.00223
n3297	n3276	0.068
21585	n3297	0.03366
9833	n3297	0.00015
1073	n3271	0.14715
n3306	n3256	0.05239
n3307	n3306	0.00337
34090	n3307	0.15281
n3321	n3307	0.02774
n3322	n3321	0.03478
18167	n3322	0.00567
1133	n3322	0.00014
1043	n3321	0.07549
n3328	n3306	0.01042
n3329	n3328	0.00016
n3330	n3329	0.00816
31052	n3330	0.10492
n3342	n3330	0.00672
22482	n3342	0.23365
n3358	n3342	0.00705
n3373	n3358	0.00791
n3374	n3373	0.00326
22715	n3374	0.02841
n3382	n3374	0.00266
n3384	n3382	0.01249
n3389	n3384	0.03317
9221	n3389	0
14129	n3389	0
n3392	n3384	0.00253
4893	n3392	0.03612
n3396	n3392	0.02326
28067	n3396	0.01615
3326	n3396	0.0052
n3417	n3382	0.03201
40506	n3417	0.0306
40086	n3417	0.00973
n3423	n3373	0.00426
7469	n3423	0.06541
n3431	n3423	0.03245
35246	n3431	0.08736
n3433	n3431	0.05127
21675	n3433	0.01367
37387	n3433	0.00159
n3436	n3358	0.00015
n3437	n3436	0.00756
n3438	n3437	0.00711
n3441	n3438	0.02859
20648	n3441	0.00844
10848	n3441	0.00014
n3444	n3438	0.00015
n3446	n3444	0.02696
37219	n3446	0.00014
6008	n3446	0.00278
n3469	n3444	0.03979
n3472	n3469	0.00848
n3473	n3472	0.00561
17922	n3473	0.00276
23678	n3473	0.00014
n3476	n3472	0.02849
30391	n3476	0.01153
3470	n3476	0.01533
n3479	n3469	0.00255
8118	n3479	0.05018
n3481	n3479	0.00613
38118	n3481	0.00256
n3483	n3481	0.04051
14940	n3483	0.01334
4082	n3483	0.03448
n3491	n3437	0.01783
n3492	n3491	0.0027
23768	n3492	0
910	n3492	0
n3495	n3491	0.01477
38224	n3495	0.02843
n3497	n3495	0.00014
17246	n3497	0.00869
5513	n3497	0.00558
n3501	n3436	0.02387
n3502	n3501	0.00014
23164	n3502	0.02252
n3504	n3502	0.00015
27721	n3504	0.00278
n3506	n3504	0.00014
15970	n3506	0.00562
n3508	n3506	0.00288
21452	n3508	0.00566
n3510	n3508	0.00554
n3511	n3510	0.00894
25850	n3511	0.00562
n3513	n3511	0.00568
34892	n3513	0.01417
36091	n3513	0.00269
19099	n3510	0.08129
n3517	n3501	0.00015
n3518	n3517	0.00562
n3519	n3518	0.0027
n3520	n3519	0.00014
31759	n3520	0.01984
29233	n3520	0.00278
9452	n3519	0.00014
n3524	n3518	0.00572
30242	n3524	0.00279
7679	n3524	0.00279
13255	n3517	0.00796
n3555	n3329	0.10058
27511	n3555	0.07883
n3557	n3555	0.03622
29376	n3557	0.10066
n3559	n3557	0.00338
n3564	n3559	0.0581
30212	n3564	0.00351
768	n3564	0.01291
n3567	n3559	0.01747
n3568	n3567	0.00349
20201	n3568	0.01398
9610	n3568	0.00014
20367	n3567	0.0675
n3572	n3328	0.00178
n3573	n3572	0.02883
n3574	n3573	0.03082
24188	n3574	0.01383
29865	n3574	0.00016
4654	n3573	0.07092
n3590	n3572	0.00815
n3599	n3590	0.0532
n3600	n3599	0.01426
23578	n3600	0.05994
n3602	n3600	0.01253
8621	n3602	0.05039
n3604	n3602	0.01787
31177	n3604	0.03728
7	n3604	0.02112
5973	n3599	0.1493
n3680	n3590	0.05504
29907	n3680	0.05193
38479	n3680	0.00202
n3685	n3255	0.00015
n3686	n3685	0.0211
n3688	n3686	0.04609
n3689	n3688	0.01859
n3690	n3689	0.00817
n3691	n3690	0.01012
n3692	n3691	0.01285
31951	n3692	0.07665
118	n3692	0.08902
n3695	n3691	0.02332
n3696	n3695	0.01695
n3697	n3696	0.01982
25284	n3697	0.12995
35346	n3697	0.08476
n3700	n3696	0.01457
n3701	n3700	0.02417
n3702	n3701	0.04038
n3703	n3702	0.03726
n3704	n3703	0.07287
33587	n3704	0.0042
39621	n3704	0.00335
27218	n3703	0.19857
n3728	n3702	0.05003
n3731	n3728	0.05083
28422	n3731	0.00014
5629	n3731	0.00272
9845	n3728	0.04023
n3735	n3701	0.01416
n3736	n3735	0.00933
n3737	n3736	0.07309
13954	n3737	0.00611
n3739	n3737	0.00248
97	n3739	0.02192
31449	n3739	0.00483
33782	n3736	0.077
4405	n3735	0.10045
n3764	n3700	0.01052
n3765	n3764	0.02388
27332	n3765	0.0026
31051	n3765	0.00014
n3768	n3764	0.05051
17034	n3768	0.00473
n3772	n3768	0.01436
21389	n3772	0.00904
38153	n3772	0.02673
n3779	n3695	0.18996
5037	n3779	0.00016
n3781	n3779	0.00286
21773	n3781	0.01758
37783	n3781	0.03205
n3804	n3690	0.04438
8486	n3804	0.01318
n3810	n3804	0.00522
n3811	n3810	0.03493
n3813	n3811	0.0003
29675	n3813	0.01931
30941	n3813	0.03596
1503	n3811	0.01477
27234	n3810	0.0538
n3835	n3689	0.00406
28609	n3835	0.0719
n3857	n3835	0.12358
14016	n3857	0.04169
n3859	n3857	0.02492
24484	n3859	0.04836
28134	n3859	0.00842
n3864	n3688	0.0893
35928	n3864	0.02913
38800	n3864	0.05191
n3882	n3686	0.01088
n3883	n3882	0.00966
n3885	n3883	0.02681
1871	n3885	0.11769
n3890	n3885	0.04038
n3891	n3890	0.00202
n3893	n3891	0.02056
n3894	n3893	0.02051
34691	n3894	0.00862
38162	n3894	0.00015
21315	n3893	0.00255
n3927	n3891	0.00791
3959	n3927	0.01103
n3929	n3927	0.01124
17528	n3929	0.00398
27670	n3929	0.03303
32068	n3890	0.05784
n3955	n3883	0.02158
n3956	n3955	0.00531
n3969	n3956	0.0252
34955	n3969	0.04992
n3979	n3969	0.07364
31147	n3979	0.01269
8524	n3979	0.0022
n3982	n3956	0.01298
n3987	n3982	0.09379
34278	n3987	0.00456
38179	n3987	0.01054
n3990	n3982	0.02075
n3991	n3990	0.06983
1589	n3991	0.00014
4760	n3991	0.00587
n3994	n3990	0.0536
32065	n3994	0.00015
n3996	n3994	0.03427
25717	n3996	0.06611
33068	n3996	0.02868
7600	n3955	0.09849
n4006	n3882	0.04397
33243	n4006	0.10014
n4008	n4006	0.01125
39395	n4008	0.07621
n4012	n4008	0.02965
n4013	n4012	0.01359
n4023	n4013	0.12063
38793	n4023	0.00014
37529	n4023	0.00576
n4039	n4013	0.04943
25293	n4039	0.00016
n4041	n4039	0.01925
40544	n4041	0.00015
n4043	n4041	0.00954
24372	n4043	0.00955
13686	n4043	0.00886
n4048	n4012	0.04159
n4051	n4048	0.03579
n4052	n4051	0.00015
14996	n4052	0.03948
n4054	n4052	0.00014
24493	n4054	0.06431
36588	n4054	0.01432
1720	n4051	0.00422
n4066	n4048	0.02759
n4067	n4066	0.00015
n4068	n4067	0.01194
38330	n4068	0.00219
n4072	n4068	0.00028
6699	n4072	0
13574	n4072	0
n4075	n4067	0.00428
n4078	n4075	0.01149
31554	n4078	0
10469	n4078	0
11430	n4075	0.0819
n4084	n4066	0.0046
n4085	n4084	0.00227
35919	n4085	0.00442
n4087	n4085	0.00014
n4089	n4087	0.00022
n4090	n4089	0.00011
n4091	n4090	0.00011
13840	n4091	0.00561
n4095	n4091	0.00272
n4097	n4095	0.00022
n4098	n4097	0.00015
n4099	n4098	0.00014
n4100	n4099	0.01542
n4101	n4100	0.0002
n4102	n4101	0.00016
n4104	n4102	0.00028
n4105	n4104	0.00014
n4108	n4105	0.0003
15436	n4108	0.00856
n4110	n4108	0.00014
3797	n4110	0.00561
n4114	n4110	0.00016
11227	n4114	0.00562
n4117	n4114	0.00029
n4118	n4117	0.00014
n4120	n4118	0.00029
n4123	n4120	0.00692
7211	n4123	0.00292
28031	n4123	0.00848
6523	n4120	0.00846
11806	n4118	0.00562
40719	n4117	0.00562
23828	n4105	0.00564
7450	n4104	0.00562
1000	n4102	0.00562
n4135	n4101	0.00301
1676	n4135	0.0084
14105	n4135	0.00618
39961	n4100	0.00563
n4142	n4099	0.00548
n4143	n4142	0.00957
34029	n4143	0.00201
n4145	n4143	0.00686
n4146	n4145	0.01665
6558	n4146	0.00633
10535	n4146	0.00776
2882	n4145	0.04621
26356	n4142	0.00016
7105	n4098	0.00563
28945	n4097	0.00562
4490	n4095	0.00846
16748	n4090	0.00572
291	n4089	0.03702
n4171	n4087	0.00679
n4172	n4171	0.00014
24651	n4172	0
28480	n4172	0
31607	n4171	0.06045
n4178	n4084	0.00015
n4179	n4178	0.02642
n4180	n4179	0.00015
2984	n4180	0
3683	n4180	0
9912	n4179	0.11578
n4190	n4178	0.00625
n4191	n4190	0.00562
25170	n4191	0
37531	n4191	0
28287	n4190	0.00609
n4197	n3685	0.02443
n4198	n4197	0.01546
n4199	n4198	0.03376
n4200	n4199	0.03435
39983	n4200	0.00935
7569	n4200	0.00246
n4203	n4199	0.06521
9328	n4203	0.06125
n4205	n4203	0.02519
5187	n4205	0.02986
n4207	n4205	0.01918
35497	n4207	0.00014
6946	n4207	0.00014
n4213	n4198	0.05797
3518	n4213	0.03635
5389	n4213	0.03893
n4235	n4197	0.24611
22499	n4235	0.03431
32294	n4235	0.04151
n4238	n2814	0.00728
n4240	n4238	0.02159
n4241	n4240	0.0346
n4242	n4241	0.04625
28390	n4242	0.03184
n4248	n4242	0.01689
n4249	n4248	0.022
4345	n4249	0.01421
6667	n4249	0.00014
n4253	n4248	0.06877
23235	n4253	0.04408
n4255	n4253	0.00713
11211	n4255	0.01269
8457	n4255	0.11487
n4267	n4241	0.04161
n4268	n4267	0.02882
6720	n4268	0.05857
9728	n4268	0.03476
n4274	n4267	0.07108
6855	n4274	0.06974
30479	n4274	0.00016
n4284	n4240	0.03413
n4290	n4284	0.25305
12476	n4290	0.10219
3729	n4290	0.00013
n4299	n4284	0.11946
27222	n4299	0.00597
n4301	n4299	0.0027
31250	n4301	0.00014
n4303	n4301	0.00014
35611	n4303	0.03635
n4305	n4303	0.02416
14601	n4305	0.00917
n4307	n4305	0.11542
1106	n4307	0.00014
39423	n4307	0.00015
n4312	n4238	0.00879
n4315	n4312	0.06142
n4320	n4315	0.06608
19116	n4320	0.04205
n4326	n4320	0.00656
n4353	n4326	0.1806
33365	n4353	0.00015
34542	n4353	0.00014
n4365	n4326	0.02962
33770	n4365	0.00029
32442	n4365	0.00011
n4373	n4315	0.0176
20660	n4373	0.07003
n4376	n4373	0.07103
n4377	n4376	0.0026
11673	n4377	0.00297
n4381	n4377	0.06487
n4382	n4381	0.003
37803	n4382	0.11232
n4392	n4382	0.00318
n4393	n4392	0.00015
4063	n4393	0.01591
n4397	n4393	0.00015
n4398	n4397	0.00015
39229	n4398	0.00014
n4400	n4398	0.00016
21348	n4400	0.00014
n4402	n4400	0.00015
n4403	n4402	0.00015
n4404	n4403	0.00016
4542	n4404	0.01689
n4406	n4404	0.00014
n4407	n4406	0.04194
31021	n4407	0.00204
38965	n4407	0.04768
7414	n4406	0.01929
33385	n4403	0.01251
39670	n4402	0.01255
26189	n4397	0.01241
n4414	n4392	0.00939
n4415	n4414	0.00307
22011	n4415	0.00625
32981	n4415	0.00621
n4418	n4414	0.00934
9493	n4418	0.00707
n4420	n4418	0.00015
26202	n4420	0.00469
10122	n4420	0.00238
20106	n4381	0.00325
3501	n4376	0.0033
n4429	n4312	0.04938
n4431	n4429	0.05452
8315	n4431	0.01837
n4442	n4431	0.01832
n4443	n4442	0.02408
38083	n4443	0.00016
10702	n4443	0.03992
38341	n4442	0.00014
n4459	n4429	0.00577
28854	n4459	0.14015
n4465	n4459	0.00442
n4466	n4465	0.00815
31805	n4466	0.03001
n4468	n4466	0.05251
13515	n4468	0.01609
15440	n4468	0.00783
n4477	n4465	0.0025
n4478	n4477	0.01022
n4481	n4478	0.04511
37802	n4481	0.0315
n4487	n4481	0.02605
24150	n4487	0.03383
n4489	n4487	0.0118
31093	n4489	0.0357
n4493	n4489	0.05334
37079	n4493	0.00935
n4495	n4493	0.01497
22271	n4495	0.03799
n4497	n4495	0.02441
28692	n4497	0.00334
34056	n4497	0.00014
n4511	n4478	0.06348
2266	n4511	0.03205
n4517	n4511	0.01372
15299	n4517	0.00399
13552	n4517	0.00346
n4521	n4477	0.00634
n4522	n4521	0.0533
15136	n4522	0.02555
n4526	n4522	0.07822
21969	n4526	0.13178
38760	n4526	0.00836
n4529	n4521	0.01659
n4539	n4529	0.02332
n4540	n4539	0.00678
n4546	n4540	0.02329
n4557	n4546	0.03337
27534	n4557	0.00599
27745	n4557	0.00015
2614	n4546	0.00614
36312	n4540	0.03294
26573	n4539	0.05898
n4597	n4529	0.01336
n4598	n4597	0.01426
39870	n4598	0.01854
n4601	n4598	0.0528
18299	n4601	0.00014
4013	n4601	0.00014
n4607	n4597	0.00445
15472	n4607	0.04535
n4611	n4607	0.00015
27984	n4611	0.00353
10219	n4611	0.00969
n4617	n2813	0.01374
n4618	n4617	0.00945
n4619	n4618	0.02006
n4620	n4619	0.0176
n4629	n4620	0.06871
n4632	n4629	0.02962
13221	n4632	0.03853
26070	n4632	0.00014
1362	n4629	0.05969
n4638	n4620	0.00994
n4641	n4638	0.03639
n4642	n4641	0.00782
n4643	n4642	0.03215
1853	n4643	0
30272	n4643	0
n4646	n4642	0.01029
29018	n4646	0.0867
n4648	n4646	0.00885
n4649	n4648	0.01992
n4650	n4649	0.03445
n4651	n4650	0.02211
25087	n4651	0.01336
36661	n4651	0.00274
n4656	n4650	0.01945
n4657	n4656	0.01283
11580	n4657	0.01154
n4659	n4657	0.01191
1725	n4659	0.05139
n4661	n4659	0.01325
19857	n4661	0.00294
35309	n4661	0.00294
n4664	n4656	0.01262
18773	n4664	0.00014
22387	n4664	0.00014
n4667	n4649	0.00818
n4668	n4667	0.01708
23803	n4668	0.03512
n4670	n4668	0.07834
22618	n4670	0.00015
25065	n4670	0.01493
n4675	n4667	0.05339
37952	n4675	0.00014
8540	n4675	0.00015
n4684	n4648	0.07125
36269	n4684	0.00542
38124	n4684	0.01212
716	n4641	0.02643
38375	n4638	0.08068
n4697	n4619	0.0277
n4701	n4697	0.18495
2705	n4701	0.06161
36386	n4701	0.00016
n4708	n4697	0.24521
31168	n4708	0.00015
6215	n4708	0.12661
n4720	n4618	0.02865
n4725	n4720	0.04875
n4726	n4725	0.00012
n4727	n4726	0.01358
n4728	n4727	0.00676
n4730	n4728	0.01119
26736	n4730	0.02494
n4750	n4730	0.00877
n4764	n4750	0.08372
26939	n4764	0
29207	n4764	0
19854	n4750	0.04159
n4818	n4728	0.00303
23838	n4818	0.11346
n4828	n4818	0.03509
15766	n4828	0.00565
25804	n4828	0.00615
n4833	n4727	0.04557
n4834	n4833	0.00803
3608	n4834	0
36748	n4834	0
4997	n4833	0.00428
n4844	n4726	0.01553
35490	n4844	0.1548
n4858	n4844	0.02889
18974	n4858	0.02029
n4860	n4858	0.01326
28721	n4860	0.00014
2740	n4860	0.00866
n4867	n4725	0.01549
n4868	n4867	0.00908
n4869	n4868	0.00602
n4886	n4869	0.07256
3378	n4886	0.02426
n4891	n4886	0.02286
n4892	n4891	0.00016
32369	n4892	0.00014
4382	n4892	0.01232
n4899	n4891	0.00283
n4900	n4899	0.00014
31439	n4900	0.00014
18289	n4900	0.01188
n4905	n4899	0.01155
5602	n4905	0.0058
n4915	n4905	0.00646
3577	n4915	0.00605
36667	n4915	0.02361
n4925	n4869	0.00732
1630	n4925	0.02443
n5186	n4925	0.01108
n5187	n5186	0.00975
19904	n5187	0
25180	n5187	0
n5192	n5186	0.01407
n5198	n5192	0.00727
33638	n5198	0.00014
34781	n5198	0.00295
n5203	n5192	0.00271
16167	n5203	0.02576
33654	n5203	0.03937
n5374	n4868	0.00346
n5375	n5374	0.03219
31983	n5375	0.00014
6146	n5375	0.00014
n5378	n5374	0.02073
n5381	n5378	0.00877
n5383	n5381	0.03334
n5384	n5383	0.00916
n5386	n5384	0.01375
n5399	n5386	0.03491
35584	n5399	0
8478	n5399	0
5775	n5386	0.00016
n5405	n5384	0.01904
18189	n5405	0.01512
n5407	n5405	0.00607
2359	n5407	0
4451	n5407	0
8897	n5383	0.02173
n5477	n5381	0.01882
n5479	n5477	0.02029
n5480	n5479	0.02244
24252	n5480	0.00308
14008	n5480	0.00014
n5483	n5479	0.00641
12506	n5483	0.00301
34871	n5483	0.00014
22678	n5477	0.35101
16806	n5378	0.06609
n5512	n4867	0.06433
n5513	n5512	0.06095
10501	n5513	0.00014
37346	n5513	0.00305
n5518	n5512	0.01799
n5528	n5518	0.039
5378	n5528	0.04441
36942	n5528	0.01513
3201	n5518	0.093
n5582	n4720	0.02634
n5585	n5582	0.01961
34108	n5585	0.19681
n5589	n5585	0.02323
n5590	n5589	0.02676
37270	n5590	0.08328
n5604	n5590	0.08846
22999	n5604	0.00014
n5606	n5604	0.02433
257	n5606	0.00593
n5608	n5606	0.00015
21662	n5608	0.0059
38697	n5608	0.009
n5613	n5589	0.09535
22886	n5613	0.03565
38061	n5613	0.07015
n5616	n5582	0.00982
n5618	n5616	0.02094
n5619	n5618	0.01769
n5621	n5619	0.05331
15718	n5621	0.0302
n5623	n5621	0.00787
10240	n5623	0.01277
820	n5623	0.00014
n5631	n5619	0.0462
20794	n5631	0.03542
n5633	n5631	0.00732
10854	n5633	0.00953
769	n5633	0.00247
n5636	n5618	0.07888
n5637	n5636	0.03574
2278	n5637	0.00848
37959	n5637	0.00507
n5640	n5636	0.02679
37581	n5640	0.00014
39562	n5640	0.00297
n5644	n5616	0.00397
n5645	n5644	0.02783
n5646	n5645	0.01929
26334	n5646	0.05009
13653	n5646	0.19411
n5649	n5645	0.10297
9048	n5649	0.01414
n5651	n5649	0.02688
33765	n5651	0.00859
n5653	n5651	0.01103
36755	n5653	0.01269
n5655	n5653	0.00015
17274	n5655	0.00014
5095	n5655	0.00014
n5658	n5644	0.00637
n5659	n5658	0.0137
n5660	n5659	0.01535
18618	n5660	0.0742
n5664	n5660	0.06552
26372	n5664	0.004
36432	n5664	0.00743
n5667	n5659	0.00451
n5668	n5667	0.01501
n5671	n5668	0.02067
26351	n5671	0.01226
n5673	n5671	0.00964
17539	n5673	0.00493
25308	n5673	0.00288
n5676	n5668	0.0123
19210	n5676	0.01687
n5678	n5676	0.01917
20829	n5678	0.00015
39511	n5678	0.00595
n5683	n5667	0.00678
5895	n5683	0.09843
n5685	n5683	0.01579
n5686	n5685	0.06551
22160	n5686	0.00637
n5688	n5686	0.00015
30439	n5688	0.00896
32719	n5688	0.00526
n5695	n5685	0.08752
39224	n5695	0.05194
510	n5695	0.0476
n5702	n5658	0.04651
n5704	n5702	0.02693
15507	n5704	0.00014
24818	n5704	0.0062
n5716	n5702	0.03912
28445	n5716	0.0197
37040	n5716	0.03841
n5719	n4617	0.02068
n5848	n5719	0.07216
n5849	n5848	0.05027
22945	n5849	0.05544
29240	n5849	0.07289
n5854	n5848	0.04809
n5855	n5854	0.16601
12713	n5855	0.01322
39232	n5855	0.01673
34753	n5854	0.1183
n5859	n5719	0.03157
n5870	n5859	0.10788
n5871	n5870	0.00849
37374	n5871	0.00014
40228	n5871	0.00299
n5876	n5870	0.00659
15574	n5876	0.00014
36149	n5876	0.00601
28841	n5859	0.11476
n5884	n2812	0.0518
n5887	n5884	0.18212
18774	n5887	0.16164
13645	n5887	0.0908
n5928	n5884	0.01044
18588	n5928	0.40366
n5990	n5928	0.01307
4817	n5990	0.24071
n5998	n5990	0.01061
n6012	n5998	0.19495
17096	n6012	0.00606
n6014	n6012	0.00015
23641	n6014	0.00302
37672	n6014	0.01537
n6090	n5998	0.02088
30118	n6090	0.11691
n6092	n6090	0.03697
n6103	n6092	0.2201
n6105	n6103	0.13636
26020	n6105	0
27756	n6105	0
12688	n6103	0.33577
n6414	n6092	0.06912
n6443	n6414	0.09342
n6444	n6443	0.03123
31555	n6444	0.29649
n6572	n6444	0.1115
n6576	n6572	0.00204
21576	n6576	0.03382
n6599	n6576	0.03558
29630	n6599	0.06353
n6630	n6599	0.0891
18088	n6630	0.00595
2951	n6630	0.00595
n6672	n6572	0.00463
34505	n6672	0.09065
n6684	n6672	0.00059
31176	n6684	0.02208
40261	n6684	0.013
n6723	n6443	0.05475
34894	n6723	0.04738
n6725	n6723	0.00356
25907	n6725	0.00318
9273	n6725	0.04721
n6728	n6414	0.02197
n6729	n6728	0.03609
n6731	n6729	0.13655
15045	n6731	0.02188
n6733	n6731	0.00015
4634	n6733	0.00953
4820	n6733	0.05406
n6753	n6729	0.01267
n6784	n6753	0.08343
n6785	n6784	0.03244
n6786	n6785	0.04143
n6787	n6786	0.01999
n6802	n6787	0.10644
14226	n6802	0.0062
20657	n6802	0.00014
n6834	n6787	0.05914
n6835	n6834	0.00517
n6836	n6835	0.01388
n6837	n6836	0.00015
n6838	n6837	0.00281
1924	n6838	0.00014
33527	n6838	0.03283
n6841	n6837	0.00015
n6842	n6841	0.00014
n6843	n6842	0.00014
30039	n6843	0.00014
n6845	n6843	0.00014
35607	n6845	0.00014
n6847	n6845	0.00016
32096	n6847	0.01186
n6849	n6847	0.00015
n6850	n6849	0.00721
40535	n6850	0.02922
n6852	n6850	0.01587
25437	n6852	0.01448
n6854	n6852	0.01946
6776	n6854	0.07851
6757	n6854	0.0028
n6857	n6849	0.0118
22638	n6857	0.0089
36333	n6857	0.00016
17283	n6842	0.01192
27602	n6841	0.00889
n6862	n6836	0.00294
10316	n6862	0.01239
28401	n6862	0.00599
n6865	n6835	0.02811
30813	n6865	0.11241
n6867	n6865	0.0205
21082	n6867	0.06265
27362	n6867	0.13398
n6880	n6834	0.0456
n6881	n6880	0.00292
4395	n6881	0.02736
34498	n6881	0.00594
n6884	n6880	0.00333
33850	n6884	0.00014
n6886	n6884	0.00687
13494	n6886	0.08061
9620	n6886	0.00014
18255	n6786	0.0822
n6925	n6785	0.13047
n6932	n6925	0.09126
6511	n6932	0.04708
17350	n6932	0.17555
n6946	n6925	0.01366
20132	n6946	0.00015
n6948	n6946	0.00992
n6949	n6948	0.00247
19313	n6949	0.02504
n6953	n6949	0.00789
39337	n6953	0.01057
n6955	n6953	0.00261
8494	n6955	0.01057
n6957	n6955	0.00012
26450	n6957	0.00014
3019	n6957	0.00014
n6960	n6948	0.00016
36701	n6960	0.00014
n6962	n6960	0.00015
21067	n6962	0.00261
690	n6962	0.02139
n6993	n6784	0.13382
25365	n6993	0.0338
n7011	n6993	0.03967
19564	n7011	0.0131
24297	n7011	0.00216
n7072	n6753	0.14582
n7074	n7072	0.02773
n7079	n7074	0.1527
12577	n7079	0.01631
8240	n7079	0.00015
n7082	n7074	0.01574
n7083	n7082	0.06028
32656	n7083	0.02372
n7085	n7083	0.00016
n7086	n7085	0.03895
n7087	n7086	0.00016
n7088	n7087	0.00016
n7089	n7088	0.00015
n7091	n7089	0.00826
22318	n7091	0.03161
n7094	n7091	0.00657
n7095	n7094	0.00014
347	n7095	0.01242
n7097	n7095	0.00995
18473	n7097	0.00547
40629	n7097	0.09318
2156	n7094	0.00014
22685	n7089	0.01192
n7104	n7088	0.00407
18067	n7104	0.01424
27435	n7104	0.04147
35937	n7087	0.01243
11214	n7086	0.00014
15580	n7085	0.09243
15758	n7082	0.04243
34714	n7072	0.08001
n7200	n6728	0.01134
n7203	n7200	0.08464
n7204	n7203	0.03942
26264	n7204	0.18002
n7206	n7204	0.00086
n7266	n7206	0.01112
n7267	n7266	0.03464
7694	n7267	0.00015
n7269	n7267	0.00345
10967	n7269	0.00912
n7271	n7269	0.01573
35549	n7271	0.02259
n7274	n7271	0.00317
n7275	n7274	0.00486
32154	n7275	0.00811
13028	n7275	0.01726
n7278	n7274	0.00724
11705	n7278	0.05134
15446	n7278	0.01132
n7282	n7266	0.01506
n7283	n7282	0.00405
n7284	n7283	0.00436
22088	n7284	0.01547
31632	n7284	0.0232
24234	n7283	0.05224
n7288	n7282	0.01562
n7289	n7288	0.01853
n7290	n7289	0.00769
n7291	n7290	0.03384
8504	n7291	0.05974
n7293	n7291	0.00596
4574	n7293	0.07591
n7304	n7293	0.068
n7307	n7304	0.08258
n7308	n7307	0.03941
n7309	n7308	0.0108
n7310	n7309	0.04542
32461	n7310	0.05943
6767	n7310	0.09472
n7313	n7309	0.01957
17944	n7313	0.07016
20360	n7313	0.05409
n7316	n7308	0.09484
16626	n7316	0.00016
9015	n7316	0.04965
38560	n7307	0.03019
7960	n7304	0.11517
28349	n7290	0.04932
n7375	n7289	0.00417
n7376	n7375	0.03905
n7411	n7376	0.06124
23530	n7411	0.09531
n7559	n7411	0.00914
n7561	n7559	0.10714
8018	n7561	0.16758
n7563	n7561	0.01411
25864	n7563	0.08709
29770	n7563	0.03901
36671	n7559	0.28978
n7743	n7376	0.07633
n7775	n7743	0.01211
20440	n7775	0.01239
n7779	n7775	0.00016
3308	n7779	0.01875
760	n7779	0.03202
n7910	n7743	0.00195
n7913	n7910	0.00046
13657	n7913	0.00609
n7915	n7913	0.00973
29477	n7915	0.00302
31179	n7915	0.01098
39398	n7910	0.00777
23592	n7375	0.01299
n8034	n7288	0.03532
n8035	n8034	0.0124
22320	n8035	0.08731
38814	n8035	0.00014
n8044	n8034	0.01126
n8045	n8044	0.00016
21506	n8045	0.01001
472	n8045	0.00014
n8048	n8044	0.01468
36131	n8048	0.03972
n8050	n8048	0.01387
n8051	n8050	0.02249
n8052	n8051	0.00015
n8053	n8052	0.00016
n8054	n8053	0.00015
n8055	n8054	0.00015
n8056	n8055	0.0023
1765	n8056	0.00466
26321	n8056	0.00232
n8059	n8055	0.00014
n8060	n8059	0.00014
n8061	n8060	0.00012
n8062	n8061	0.00014
n8063	n8062	0.00012
20553	n8063	0.00923
n8065	n8063	0.00011
n8066	n8065	0.0006
2148	n8066	0.01589
n8068	n8066	0.00537
2506	n8068	0.00562
6615	n8068	0.02469
36732	n8065	0.00923
n8072	n8062	0.00306
14343	n8072	0.00613
16370	n8072	0.00613
34186	n8061	0.00924
n8076	n8060	0.00285
n8077	n8076	0.00016
n8078	n8077	0.00892
n8079	n8078	0.04051
21790	n8079	0.08974
9140	n8079	0.08799
n8082	n8078	0.00328
32806	n8082	0.11821
33488	n8082	0.01216
n8085	n8077	0.00443
21509	n8085	0.00233
1367	n8085	0.01526
38905	n8076	0.01227
n8089	n8059	0.00231
27882	n8089	0.00015
29870	n8089	0.00613
9372	n8054	0.00925
n8093	n8053	0.00601
14956	n8093	0.00909
n8095	n8093	0.00297
181	n8095	0.00014
390	n8095	0.00601
n8098	n8052	0.00335
n8099	n8098	0.01033
n8100	n8099	0.00015
n8101	n8100	0.00014
n8102	n8101	0.00293
29903	n8102	0.01218
39853	n8102	0.00929
n8105	n8101	0.00015
25918	n8105	0.00689
34173	n8105	0.01235
n8108	n8100	0.00014
n8109	n8108	0.00688
25251	n8109	0.00926
5070	n8109	0.00229
n8112	n8108	0.00015
23398	n8112	0.00699
n8114	n8112	0.00015
4609	n8114	0.00497
1972	n8114	0.00702
19928	n8099	0.15124
n8128	n8098	0.00016
31041	n8128	0.01049
n8130	n8128	0.00207
n8131	n8130	0.00138
n8132	n8131	0.00014
n8133	n8132	0.00015
n8134	n8133	0.00015
8850	n8134	0.007
n8136	n8134	0.00015
n8137	n8136	0.00232
17885	n8137	0.00468
24300	n8137	0.01247
n8140	n8136	0.00014
26681	n8140	0.00466
n8142	n8140	0.00016
22839	n8142	0.01243
24760	n8142	0.00494
n8145	n8133	0.00016
n8146	n8145	0.00014
n8147	n8146	0.00016
n8148	n8147	0.00617
4361	n8148	0.00931
8876	n8148	0.0062
n8151	n8147	0.00083
n8152	n8151	0.0058
14476	n8152	0.00621
22667	n8152	0.0062
21815	n8151	0.02065
n8156	n8146	0.00457
30203	n8156	0.01183
12974	n8156	0.00842
9847	n8145	0.00014
n8160	n8132	0.00015
18331	n8160	0.00462
9944	n8160	0.02136
6110	n8131	0.00464
5600	n8130	0.00661
n8165	n8051	0.00016
n8166	n8165	0.00306
153	n8166	0.00614
16258	n8166	0.00615
n8169	n8165	0.00014
n8170	n8169	0.00016
2956	n8170	0.00909
1244	n8170	0.00916
n8173	n8169	0.00015
n8174	n8173	0.00235
39752	n8174	0.00724
n8176	n8174	0.00014
35728	n8176	0.00614
23499	n8176	0.01526
n8179	n8173	0.00012
n8180	n8179	0.0045
n8181	n8180	0.00024
n8182	n8181	0.00016
n8183	n8182	0.00015
n8184	n8183	0.00012
15215	n8184	0.0092
n8186	n8184	0.0001
n8187	n8186	0.0001
n8188	n8187	0.0001
n8189	n8188	0.00012
n8190	n8189	0.0168
33896	n8190	0.00915
n8192	n8190	0.00015
n8193	n8192	0.00014
n8194	n8193	0.00015
n8195	n8194	0.00014
n8196	n8195	0.00292
29173	n8196	0.00919
23349	n8196	0.01839
n8199	n8195	0.00016
n8200	n8199	0.00015
n8201	n8200	0.00016
n8202	n8201	0.00016
n8203	n8202	0.03347
23961	n8203	0.00513
40124	n8203	0.00015
n8206	n8202	0.00346
34187	n8206	0.00607
38296	n8206	0.01753
17305	n8201	0.00014
5773	n8200	0.01214
8660	n8199	0.01649
n8212	n8194	0.00384
16181	n8212	0.01464
n8214	n8212	0.00318
27578	n8214	0.05523
4335	n8214	0.00921
n8217	n8193	0.00303
22601	n8217	0.00607
39477	n8217	0.00607
n8220	n8192	0.00301
36290	n8220	0.00607
30667	n8220	0.02143
12267	n8189	0.00913
n8224	n8188	0.00015
37194	n8224	0.00923
32570	n8224	0.02228
20432	n8187	0.00922
25459	n8186	0.00912
3145	n8183	0.00921
3630	n8182	0.00921
27644	n8181	0.00923
n8232	n8180	0.00202
13220	n8232	0.03119
n8234	n8232	0.00109
29411	n8234	0.0062
30995	n8234	0.01239
27499	n8179	0.02174
n8238	n8050	0.01084
n8239	n8238	0.03082
n8240	n8239	0.03873
n8241	n8240	0.01494
22159	n8241	0.00301
n8243	n8241	0.01595
n8244	n8243	0.00139
25839	n8244	0.00014
n8246	n8244	0.00377
24380	n8246	0.00298
1779	n8246	0.02699
34419	n8243	0.01914
n8250	n8240	0.03585
n8251	n8250	0.00516
n8252	n8251	0.00468
17727	n8252	0.00926
n8254	n8252	0.00014
33230	n8254	0.00307
n8256	n8254	0.01341
4686	n8256	0.00016
n8258	n8256	0.00016
n8259	n8258	0.00984
32842	n8259	0.01198
40166	n8259	0.0112
32421	n8258	0.0091
n8263	n8251	0.00015
17817	n8263	0.00613
n8265	n8263	0.00015
n8266	n8265	0.00014
5738	n8266	0.00014
25523	n8266	0.00612
2112	n8265	0.00612
36052	n8250	0.00016
n8271	n8239	0.02858
n8272	n8271	0.03267
3544	n8272	0.00637
n8274	n8272	0.01144
36267	n8274	0.01626
n8276	n8274	0.01475
n8277	n8276	0.00016
n8278	n8277	0.02702
39353	n8278	0.04743
9470	n8278	0.0056
1086	n8277	0.0283
n8282	n8276	0.00105
15199	n8282	0.00956
17981	n8282	0.02405
n8285	n8271	0.00162
5128	n8285	0.00677
n8287	n8285	0.0104
n8288	n8287	0.06127
11924	n8288	0.04488
n8290	n8288	0.0429
14815	n8290	0.06819
40677	n8290	0.123
n8295	n8287	0.00016
36410	n8295	0.03657
n8297	n8295	0.00014
18332	n8297	0.02735
n8299	n8297	0.00015
8041	n8299	0.00652
n8301	n8299	0.03249
7986	n8301	0.0118
n8303	n8301	0.00014
26998	n8303	0.00014
2935	n8303	0.01939
n8306	n8238	0.0122
n8307	n8306	0.01564
15231	n8307	0.02514
40083	n8307	0.02148
n8311	n8306	0.02734
22238	n8311	0.00979
n8313	n8311	0.01947
n8314	n8313	0.00511
n8315	n8314	0.00015
n8316	n8315	0.01584
14998	n8316	0.01385
n8318	n8316	0.00878
11740	n8318	0.0324
39580	n8318	0.02333
n8321	n8315	0.00288
33046	n8321	0.00924
38271	n8321	0.00896
n8324	n8314	0.00277
n8325	n8324	0.00832
n8326	n8325	0.0053
21076	n8326	0.01093
6740	n8326	0.00689
n8329	n8325	0.00014
n8330	n8329	0.00014
4423	n8330	0.01204
38672	n8330	0.03048
n8333	n8329	0.00275
10238	n8333	0.01138
4143	n8333	0.00696
n8336	n8324	0.00231
n8337	n8336	0.00764
n8338	n8337	0.00026
n8339	n8338	0.00305
34928	n8339	0.05441
12694	n8339	0.0092
n8342	n8338	0.00015
n8343	n8342	0.00014
29522	n8343	0.02428
13343	n8343	0.01522
n8346	n8342	0.00414
22480	n8346	0.00896
16973	n8346	0.01836
3307	n8337	0.02741
5658	n8336	0.01201
n8351	n8313	0.02005
22852	n8351	0.01592
n8353	n8351	0.00016
14279	n8353	0.01848
8441	n8353	0.02626
n8444	n7206	0.03243
n8445	n8444	0.09305
25060	n8445	0.00859
26917	n8445	0.02619
n8448	n8444	0.01919
n8449	n8448	0.00015
n8450	n8449	0.02175
5018	n8450	0.00466
n8452	n8450	0.03016
2964	n8452	0.00014
36407	n8452	0.00702
n8457	n8449	0.07454
n8458	n8457	0.00367
25451	n8458	0.01985
32618	n8458	0.04069
17388	n8457	0.03473
n8484	n8448	0.03276
2187	n8484	0.03016
4696	n8484	0.0085
16364	n7203	0.24247
n8524	n7200	0.02686
n8571	n8524	0.03123
n8791	n8571	0.0623
8269	n8791	0.03057
n8800	n8791	0.07037
23736	n8800	0.06882
n8802	n8800	0.05728
20380	n8802	0.00015
19973	n8802	0.00675
n8861	n8571	0.01754
n8862	n8861	0.02291
n8863	n8862	0.01418
n8870	n8863	0.08828
n8871	n8870	0.03698
15688	n8871	0.00014
34467	n8871	0.00645
n8958	n8870	0.06495
27496	n8958	0.0192
33419	n8958	0.121
n9135	n8863	0.10633
17137	n9135	0.07746
n9137	n9135	0.03385
8873	n9137	0.08513
n9139	n9137	0.00864
n9140	n9139	0.01768
7089	n9140	0.00014
9657	n9140	0.0116
n9143	n9139	0.00546
n9144	n9143	0.00014
15353	n9144	0.01954
n9146	n9144	0.00016
6893	n9146	0.00846
n9149	n9146	0.00402
25986	n9149	0.02856
n9151	n9149	0.01292
179	n9151	0.00015
27392	n9151	0.01417
32486	n9143	0.01429
n9426	n8862	0.09503
31598	n9426	0.04173
n9440	n9426	0.05476
n9441	n9440	0.03311
28944	n9441	0.02442
n9443	n9441	0.03721
2632	n9443	0.00014
36389	n9443	0.00014
8661	n9440	0.02073
n9455	n8861	0.00419
n9461	n9455	0.10391
19041	n9461	0.00014
28549	n9461	0.00015
n9997	n9455	0.05012
3771	n9997	0.02198
1828	n9997	0.01537
n10072	n8524	0.02126
n10073	n10072	0.03081
32159	n10073	0.09165
n10095	n10073	0.03161
n10507	n10095	0.03499
n10565	n10507	0.10891
23518	n10565	0.04534
n10567	n10565	0.01384
2281	n10567	0.01127
n10569	n10567	0.00323
33499	n10569	0.00893
39243	n10569	0.01482
40045	n10507	0.06752
39884	n10095	0.17104
n10908	n10072	0.0544
n10909	n10908	0.01066
n10910	n10909	0.03936
n10911	n10910	0.03735
n10912	n10911	0.03153
n10913	n10912	0.00594
n10914	n10913	0.008
n10915	n10914	0.05497
26547	n10915	0.01844
n10917	n10915	0.02882
n10918	n10917	0.03151
n10919	n10918	0.01455
12224	n10919	0.0107
n10921	n10919	0.03718
26567	n10921	0.00016
28374	n10921	0.00014
25468	n10918	0.00667
15959	n10917	0.00015
n10926	n10914	0.02197
n10927	n10926	0.00273
n10928	n10927	0.00632
36635	n10928	0.01266
10453	n10928	0.00643
n10931	n10927	0.00016
28262	n10931	0.01175
n10933	n10931	0.00308
19328	n10933	0.00634
n10935	n10933	0.00015
30659	n10935	0.00636
20650	n10935	0.00956
n10938	n10926	0.00015
n10939	n10938	0.00309
17221	n10939	0.00014
n10941	n10939	0.00014
19519	n10941	0.0121
n10943	n10941	0.00015
n10944	n10943	0.00014
n10945	n10944	0.00408
18735	n10945	0.00996
11781	n10945	0.00677
13234	n10944	0.0638
n10949	n10943	0.03671
17292	n10949	0.00016
n10951	n10949	0.01471
n10952	n10951	0.00966
10955	n10952	0.01244
32759	n10952	0.00016
n10955	n10951	0.04143
n10956	n10955	0.02874
5078	n10956	0.00014
n10958	n10956	0.00016
n10959	n10958	0.00523
13594	n10959	0.04194
11594	n10959	0.01089
n10962	n10958	0.00014
n10963	n10962	0.01682
17148	n10963	0.01318
25942	n10963	0.0436
9522	n10962	0.0284
n10967	n10955	0.01634
20117	n10967	0.02236
34939	n10967	0.03381
n10970	n10938	0.0001
n10971	n10970	0.01785
n10972	n10971	0.00303
5561	n10972	0.00957
n10974	n10972	0.00016
23175	n10974	0.00958
n10976	n10974	0.00014
25456	n10976	0.015
n10978	n10976	0.00304
37217	n10978	0.00962
n10980	n10978	0.00015
4690	n10980	0.00636
15090	n10980	0.00637
n10983	n10971	0.00015
n10984	n10983	0.00332
6931	n10984	0.00959
n10986	n10984	0.00015
24941	n10986	0.00844
19288	n10986	0.00955
n10989	n10983	0.00015
5707	n10989	0.01682
n10991	n10989	0.00014
n10992	n10991	0.00464
17509	n10992	0.01281
n10994	n10992	0.00044
n10995	n10994	0.00091
16731	n10995	0.00014
n10997	n10995	0.0001
n10998	n10997	0.00015
n10999	n10998	0.00014
31379	n10999	0.00871
5929	n10999	0.01271
n11002	n10998	0.00599
2607	n11002	0.00935
34206	n11002	0.05621
24545	n10997	0.01792
n11006	n10994	0.00317
39369	n11006	0.00957
36858	n11006	0.00957
n11009	n10991	0.00011
n11010	n11009	0.00035
n11011	n11010	0.00453
14248	n11011	0.01283
n11013	n11011	0.00014
n11014	n11013	0.00015
n11015	n11014	0.00385
32003	n11015	0.01197
12927	n11015	0.00635
39944	n11014	0.00935
636	n11013	0.00917
n11020	n11010	0.00319
36183	n11020	0.00959
18583	n11020	0.00959
31915	n11009	0.00956
22112	n10970	0.01281
n11025	n10913	0.00011
n11026	n11025	0.0029
n11027	n11026	0.00015
n11028	n11027	0.01531
n11029	n11028	0.01689
n11030	n11029	0.01554
n11031	n11030	0.00982
n11032	n11031	0.01975
17807	n11032	0.02378
n11034	n11032	0.04533
12728	n11034	0.0295
27360	n11034	0.07066
434	n11031	0.0018
31964	n11030	0.02873
n11039	n11029	0.03295
25580	n11039	0.05762
3978	n11039	0.04962
n11042	n11028	0.02257
n11043	n11042	0.00317
19744	n11043	0.01765
n11045	n11043	0.00015
14776	n11045	0.04515
3573	n11045	0.04587
16914	n11042	0.0074
n11049	n11027	0.00345
n11050	n11049	0.00015
n11051	n11050	0.00932
6047	n11051	0.00318
n11053	n11051	0.00016
20241	n11053	0.00635
9720	n11053	0.01599
n11056	n11050	0.00289
n11057	n11056	0.00015
4431	n11057	0.02266
21822	n11057	0.01296
n11060	n11056	0.00926
40588	n11060	0.01647
9638	n11060	0.02602
35678	n11049	0.07265
2643	n11026	0.01289
n11065	n11025	0.00639
35696	n11065	0.00635
37597	n11065	0.0161
n11068	n10912	0.00384
n11069	n11068	0.00374
10110	n11069	0.00959
n11071	n11069	0.03049
27415	n11071	0.0315
n11073	n11071	0.01523
18494	n11073	0.04711
24526	n11073	0.00015
n11076	n11068	0.00907
n11077	n11076	0.0237
n11078	n11077	0.00349
11512	n11078	0.00954
29998	n11078	0.02021
n11081	n11077	0.00414
n11082	n11081	0.01071
n11083	n11082	0.00015
23974	n11083	0.01252
n11085	n11083	0.00015
n11086	n11085	0.00015
n11087	n11086	0.00016
n11088	n11087	0.00193
15972	n11088	0.00234
n11090	n11088	0.00467
n11091	n11090	0.00535
n11092	n11091	0.03654
7110	n11092	0.00327
8927	n11092	0.01213
n11095	n11091	0.0144
19906	n11095	0.00016
34590	n11095	0.02133
n11098	n11090	0.01599
11060	n11098	0.01797
n11100	n11098	0.00395
1435	n11100	0.01356
8378	n11100	0.0092
n11103	n11087	0.00014
n11104	n11103	0.01301
n11105	n11104	0.00618
29819	n11105	0.00613
33421	n11105	0.00611
n11108	n11104	0.00987
21641	n11108	0.00447
1707	n11108	0.0727
32735	n11103	0.00684
24557	n11086	0.00474
n11113	n11085	0.00016
35677	n11113	0.00937
38954	n11113	0.01716
n11116	n11082	0.02192
18288	n11116	0.02777
12910	n11116	0.01009
n11119	n11081	0.01178
n11120	n11119	0.00427
38196	n11120	0.01012
8649	n11120	0.02426
n11123	n11119	0.0132
25829	n11123	0.0159
13021	n11123	0.00446
n11126	n11076	0.00949
8346	n11126	0.01658
9659	n11126	0.00317
n11129	n10911	0.02763
n11130	n11129	0.00145
n11131	n11130	0.00011
38016	n11131	0.00014
n11133	n11131	0.00011
n11134	n11133	0.00036
34969	n11134	0.01298
n11136	n11134	0.00407
37	n11136	0.013
n11138	n11136	0.00696
n11139	n11138	0.00014
n11140	n11139	0.00016
37685	n11140	0.01846
n11142	n11140	0.00941
26162	n11142	0.0166
n11144	n11142	0.00895
17646	n11144	0.12884
n11146	n11144	0.03007
8405	n11146	0.00251
n11148	n11146	0.00942
18203	n11148	0.0128
33786	n11148	0.08389
n11151	n11139	0.00787
37896	n11151	0.00649
14178	n11151	0.01084
15760	n11138	0.01632
23899	n11133	0.01298
n11156	n11130	0.00381
23905	n11156	0.01558
n11158	n11156	0.00322
19553	n11158	0.0098
20034	n11158	0.00645
n11161	n11129	0.01996
38523	n11161	0.01146
n11163	n11161	0.00484
25781	n11163	0.01772
40381	n11163	0.01751
35112	n10910	0.0545
n11173	n10909	0.2771
n11175	n11173	0.02487
n11176	n11175	0.00578
n11177	n11176	0.00795
n11182	n11177	0.04907
n11183	n11182	0.01098
n11186	n11183	0.08132
n11189	n11186	0.01542
n11190	n11189	0.01024
n11192	n11190	0.03
n11193	n11192	0.03457
19246	n11193	0.03579
4129	n11193	0.00854
n11198	n11192	0.00499
n11199	n11198	0.02501
21393	n11199	0.03338
1597	n11199	0.04819
n11206	n11198	0.0001
n11207	n11206	0.02594
36929	n11207	0.00016
39321	n11207	0.02945
33873	n11206	0.022
n11214	n11190	0.05517
29569	n11214	0.01415
35793	n11214	0.00015
n11239	n11189	0.0092
n11240	n11239	0.00016
35576	n11240	0.00014
n11242	n11240	0.00014
n11243	n11242	0.00014
19149	n11243	0.04016
19264	n11243	0.03777
33732	n11242	0.02921
37410	n11239	0.00014
n11256	n11186	0.02245
n11257	n11256	0.04489
38059	n11257	0.03336
6449	n11257	0.00016
n11260	n11256	0.00015
n11261	n11260	0.00015
1288	n11261	0.01138
n11263	n11261	0.00016
n11264	n11263	0.00016
n11265	n11264	0.00013
n11266	n11265	0.00015
5359	n11266	0.01129
674	n11266	0.02647
22521	n11265	0.01131
21665	n11264	0.01422
32901	n11263	0.00014
n11272	n11260	0.00236
n11273	n11272	0.00015
n11274	n11273	0.00016
n11275	n11274	0.00304
39078	n11275	0.03241
n11277	n11275	0.01215
15234	n11277	0.00863
17251	n11277	0.02768
n11280	n11274	0.00834
n11281	n11280	0.00271
n11282	n11281	0.00282
19803	n11282	0.00016
n11284	n11282	0.00015
31815	n11284	0.02885
n11286	n11284	0.00279
20289	n11286	0.01416
n11288	n11286	0.00014
24301	n11288	0.00842
19955	n11288	0.00842
n11291	n11281	0.00557
39869	n11291	0.01998
n11293	n11291	0.00826
10525	n11293	0.01439
4088	n11293	0.00014
7635	n11280	0.00565
36947	n11273	0.00847
24282	n11272	0.03604
n11299	n11183	0.02332
5444	n11299	0.04288
34809	n11299	0.00014
n11304	n11182	0.00015
n11306	n11304	0.03097
39167	n11306	0.11919
n11308	n11306	0.01739
n11309	n11308	0.00078
31588	n11309	0.00578
38191	n11309	0.00014
n11312	n11308	0.01078
21970	n11312	0.01748
18310	n11312	0.02978
n11316	n11304	0.01506
n11321	n11316	0.01033
n11323	n11321	0.01728
17230	n11323	0
19834	n11323	0
n11331	n11321	0.00327
24027	n11331	0.00868
n11333	n11331	0.00011
10945	n11333	0.00288
39891	n11333	0.00288
n11340	n11316	0.01691
30385	n11340	0.07138
36741	n11340	0.01487
n11393	n11177	0.04672
22082	n11393	0.34171
n11395	n11393	0.03547
19332	n11395	0.26951
4510	n11395	0.10783
n11404	n11176	0.00685
33098	n11404	0.07737
n11424	n11404	0.00221
n11426	n11424	0.01703
n11427	n11426	0.00015
27102	n11427	0.01148
13589	n11427	0.02315
n11430	n11426	0.00283
n11431	n11430	0.00267
22137	n11431	0.009
7354	n11431	0.07276
11058	n11430	0.00015
n11438	n11424	0.00546
n11439	n11438	0.00284
22199	n11439	0.01694
n11447	n11439	0.0445
10668	n11447	0.10012
28016	n11447	0.00015
26370	n11438	0.0029
n11454	n11175	0.01871
n11455	n11454	0.00284
n11457	n11455	0.01769
n11458	n11457	0.00853
n11461	n11458	0.00029
n11464	n11461	0.00521
22383	n11464	0.01837
n11480	n11464	0.00521
n11483	n11480	0.00475
n11484	n11483	0.00014
n11485	n11484	0.00014
n11486	n11485	0.00294
28201	n11486	0.00885
n11488	n11486	0.00014
19477	n11488	0.00589
25336	n11488	0.00293
27509	n11485	0.00588
n11492	n11484	0.00014
28125	n11492	0.00587
4740	n11492	0.00603
n11497	n11483	0.0059
21008	n11497	0.00291
11185	n11497	0.01782
n11502	n11480	0.0003
n11507	n11502	0.04039
27407	n11507	0.04862
n11509	n11507	0.01392
14249	n11509	0.00014
29949	n11509	0.00293
39628	n11502	0.05395
25747	n11461	0.00886
n11536	n11458	0.00577
3526	n11536	0.04368
40685	n11536	0.00899
n11539	n11457	0.00713
n11540	n11539	0.02537
30363	n11540	0.01106
31790	n11540	0.08841
n11546	n11539	0.03586
11148	n11546	0.00855
29804	n11546	0.00322
n11553	n11455	0.00569
n11554	n11553	0.00014
n11555	n11554	0.00782
n11556	n11555	0.01073
n11557	n11556	0.01711
143	n11557	0.02077
n11559	n11557	0.06919
22695	n11559	0.04028
n11561	n11559	0.00338
18291	n11561	0.02211
6889	n11561	0.05527
n11564	n11556	0.00408
n11566	n11564	0.00701
n11567	n11566	0.01061
n11568	n11567	0.00015
n11570	n11568	0.00377
13177	n11570	0.02023
n11572	n11570	0.01874
5133	n11572	0.01589
n11574	n11572	0.01899
14235	n11574	0.01124
22476	n11574	0.04365
n11579	n11568	0.00192
16498	n11579	0.03487
n11585	n11579	0.00223
n11586	n11585	0.00277
38141	n11586	0.00876
n11588	n11586	0.00015
35232	n11588	0.00565
32336	n11588	0.01428
n11591	n11585	0.01168
40793	n11591	0.00898
n11594	n11591	0.00373
n11595	n11594	0.00837
33199	n11595	0.03217
24270	n11595	0.01131
20698	n11594	0.00014
n11609	n11567	0.01793
n11613	n11609	0.00307
3616	n11613	0.0056
35179	n11613	0.00559
n11617	n11609	0.00016
n11630	n11617	0.00243
11623	n11630	0.00563
n11633	n11630	0.00586
33895	n11633	0.00015
10463	n11633	0.00283
n11644	n11617	0.00468
n11655	n11644	0.01543
n11656	n11655	0.00012
n11657	n11656	0.00012
33568	n11657	0.0113
n11664	n11657	0.00284
32282	n11664	0.01713
n11667	n11664	0.00598
26463	n11667	0.00857
n11672	n11667	0.03344
38178	n11672	0.03062
7464	n11672	0.03741
21400	n11656	0.00014
n11684	n11655	0.00991
n11685	n11684	0.00603
1833	n11685	0.00852
20861	n11685	0.00912
n11688	n11684	0.00013
40121	n11688	0.00438
n11690	n11688	0.00016
20575	n11690	0.00014
n11696	n11690	0.0023
24699	n11696	0.00435
n11698	n11696	0.00015
8284	n11698	0.00436
n11700	n11698	0.00014
n11701	n11700	0.00015
n11702	n11701	0.00015
n11703	n11702	0.00015
30178	n11703	0.01463
7482	n11703	0.00845
n11706	n11702	0.00282
23984	n11706	0.03199
19745	n11706	0.00564
14296	n11701	0.00848
5853	n11700	0.00844
n11718	n11644	0.01028
n11719	n11718	0.00991
36630	n11719	0.01239
n11721	n11719	0.01694
22386	n11721	0.01535
40398	n11721	0.00438
n11724	n11718	0.00016
23763	n11724	0.00282
n11726	n11724	0.00315
14004	n11726	0.00849
n11728	n11726	0.0001
n11729	n11728	0.00283
35051	n11729	0.00852
962	n11729	0.00281
n11732	n11728	0.00011
4408	n11732	0.00014
26003	n11732	0.0114
n11738	n11566	0.01925
32983	n11738	0.01137
n11741	n11738	0.00328
n11757	n11741	0.04975
14035	n11757	0.01127
28202	n11757	0.0997
16489	n11741	0.0542
25053	n11564	0.00612
n11767	n11555	0.00597
n11768	n11767	0.00015
n11769	n11768	0.01445
20128	n11769	0.0029
23379	n11769	0.00014
33327	n11768	0.00303
11360	n11767	0.00879
n11778	n11554	0.00405
35131	n11778	0.01594
14847	n11778	0.01514
n11786	n11553	0.01642
n11787	n11786	0.00015
n11788	n11787	0.00197
n11789	n11788	0.00893
n11790	n11789	0.00222
953	n11790	0.0045
n11792	n11790	0.00016
3102	n11792	0.01165
39195	n11792	0.00014
n11795	n11789	0.00717
29611	n11795	0.00014
n11797	n11795	0.05292
2365	n11797	0.07189
n11799	n11797	0.02799
39792	n11799	0.0281
35594	n11799	0.04171
n11804	n11788	0.03592
n11805	n11804	0.02781
n11806	n11805	0.00015
n11807	n11806	0.01639
n11808	n11807	0.01441
2369	n11808	0.05385
n11810	n11808	0.01239
27763	n11810	0.03481
39681	n11810	0.03659
23784	n11807	0.00014
n11814	n11806	0.04988
n11815	n11814	0.00293
3881	n11815	0.00576
n11819	n11815	0.0031
35152	n11819	0.00574
n11821	n11819	0.01223
21469	n11821	0.00582
7905	n11821	0.00028
n11826	n11814	0.009
30783	n11826	0.04588
18044	n11826	0.04238
n11831	n11805	0.0114
6688	n11831	0.02109
n11849	n11831	0.10863
6854	n11849	0.04977
28735	n11849	0.02413
n11852	n11804	0.01427
28520	n11852	0.0029
350	n11852	0.00287
n11855	n11787	0.02339
n11856	n11855	0.03338
n11857	n11856	0.01175
18171	n11857	0.02062
35533	n11857	0.00014
n11860	n11856	0.00015
30684	n11860	0.00293
38583	n11860	0.03433
29055	n11855	0.10308
n11932	n11786	0.04376
16332	n11932	0.01892
24095	n11932	0.01238
2366	n11454	0.03956
38795	n11173	0.04889
n11962	n10908	0.02359
n11963	n11962	0.01486
n11964	n11963	0.01237
n11965	n11964	0.00528
n11966	n11965	0.01386
n11975	n11966	0.11517
n11976	n11975	0.01087
16348	n11976	0.02261
n11978	n11976	0.02764
22725	n11978	0.00597
n11980	n11978	0.00525
28850	n11980	0.00307
n11982	n11980	0.00386
n11983	n11982	0.04287
n11984	n11983	0.01417
13720	n11984	0.00014
n11986	n11984	0.00593
4232	n11986	0.00292
36791	n11986	0.00609
n11989	n11983	0.00779
40577	n11989	0.02764
6956	n11989	0.01234
n11992	n11982	0.00183
38146	n11992	0.00298
n11994	n11992	0.00015
n11995	n11994	0.01809
26247	n11995	0.00014
37135	n11995	0.01853
n11998	n11994	0.01293
n11999	n11998	0.01277
n12000	n11999	0.01846
15827	n12000	0.02152
26730	n12000	0.00904
n12003	n11999	0.00014
37987	n12003	0.00745
1390	n12003	0.00273
n12006	n11998	0.00014
3260	n12006	0.00297
n12008	n12006	0.00596
13758	n12008	0.00599
35547	n12008	0.01204
7658	n11975	0.0073
n12012	n11966	0.01324
11636	n12012	0.0202
n12015	n12012	0.03801
n12016	n12015	0.03589
n12028	n12016	0.03829
n12029	n12028	0.00891
16230	n12029	0.00016
25996	n12029	0.02489
n12036	n12028	0.00781
n12037	n12036	0.01244
n12038	n12037	0.01195
19917	n12038	0.02295
7002	n12038	0.04114
32850	n12037	0.07685
n12068	n12036	0.04725
n12069	n12068	0.0071
38165	n12069	0.04688
30122	n12069	0.00015
n12073	n12068	0.00809
14809	n12073	0.02157
5549	n12073	0.01746
n12158	n12016	0.01512
n12159	n12158	0.04407
n12160	n12159	0.03221
n12161	n12160	0.00614
22827	n12161	0.01247
n12164	n12161	0.00416
n12165	n12164	0.00014
19953	n12165	0.12987
11215	n12165	0.14384
35065	n12164	0.01831
15731	n12160	0.03163
8947	n12159	0.22341
n12266	n12158	0.02105
15229	n12266	0.0166
n12268	n12266	0.00613
25399	n12268	0.01956
n12270	n12268	0.02652
24555	n12270	0.01613
38308	n12270	0.00016
n12273	n12015	0.0442
n12274	n12273	0.03698
n12276	n12274	0.05976
n12285	n12276	0.12332
21496	n12285	0.11836
26278	n12285	0.0213
n12401	n12276	0.09556
25276	n12401	0.1038
n12405	n12401	0.00015
n12406	n12405	0.01131
n12407	n12406	0.01788
38776	n12407	0.00014
n12409	n12407	0.00304
n12410	n12409	0.00016
726	n12410	0.00014
n12412	n12410	0.00292
31713	n12412	0.01551
4825	n12412	0.03161
14	n12409	0.02183
n12416	n12406	0.01603
25250	n12416	0.03434
n12418	n12416	0.0094
22275	n12418	0.0109
n12420	n12418	0.00993
27082	n12420	0.00649
10377	n12420	0.00662
5668	n12405	0.01709
n12427	n12274	0.05795
n12428	n12427	0.00549
n12429	n12428	0.00015
n12430	n12429	0.00016
n12431	n12430	0.00317
n12432	n12431	0.00014
n12433	n12432	0.00016
23790	n12433	0.00608
n12435	n12433	0.00014
n12436	n12435	0.00014
15047	n12436	0.00608
n12438	n12436	0.00014
34337	n12438	0.00916
n12440	n12438	0.00318
13760	n12440	0.00316
40655	n12440	0.0187
467	n12435	0.00608
4858	n12432	0.00608
31500	n12431	0.01223
n12446	n12430	0.00246
n12447	n12446	0.00246
n12448	n12447	0.00014
n12449	n12448	0.00014
6266	n12449	0.00609
34604	n12449	0.00609
13089	n12448	0.00608
n12453	n12447	0.00488
22758	n12453	0.02808
23880	n12453	0.00622
n12456	n12446	0.00015
37868	n12456	0.00303
19402	n12456	0.00924
n12459	n12429	0.00607
14883	n12459	0.01245
4533	n12459	0.00305
n12462	n12428	0.0061
10558	n12462	0.01867
11189	n12462	0.00014
n12465	n12427	0.01428
n12466	n12465	0.00611
n12467	n12466	0.00014
13797	n12467	0.00304
n12469	n12467	0.00016
27999	n12469	0.06434
39058	n12469	0.01226
30309	n12466	0.02186
n12473	n12465	0.00014
n12474	n12473	0.00305
14618	n12474	0.00613
n12476	n12474	0.00305
19066	n12476	0.0092
6746	n12476	0.00305
n12479	n12473	0.00016
6383	n12479	0.00918
n12481	n12479	0.00306
23604	n12481	0.04141
13688	n12481	0.00016
4404	n12273	0.00522
39734	n11965	0.09254
n12574	n11964	0.02232
n12576	n12574	0.04067
n12577	n12576	0.0084
n12578	n12577	0.00493
29863	n12578	0.00344
4607	n12578	0.00789
31942	n12577	0.02836
26524	n12576	0.04077
n12584	n12574	0.03476
n12591	n12584	0.05363
n12593	n12591	0.01433
n12594	n12593	0.01524
n12595	n12594	0.00015
16794	n12595	0.07599
n12611	n12595	0.04796
20114	n12611	0.06351
8598	n12611	0.11968
n12622	n12594	0.01998
n12623	n12622	0.01051
16487	n12623	0.0505
n12625	n12623	0.00848
n12626	n12625	0.02388
40063	n12626	0.0297
15740	n12626	0.02357
37274	n12625	0.01023
n12636	n12622	0.02298
n12637	n12636	0.04521
17989	n12637	0.01841
11714	n12637	0.01123
1900	n12636	0.03809
n12645	n12593	0.02792
5896	n12645	0.02888
n12655	n12645	0.01112
17288	n12655	0.01111
n12669	n12655	0.00258
n12671	n12669	0.00226
n12672	n12671	0.00258
n12673	n12672	0.00014
n12676	n12673	0.01721
38430	n12676	0.03426
n12682	n12676	0.00107
n12683	n12682	0.0001
n12684	n12683	0.02356
n12685	n12684	0.0106
24179	n12685	0.05515
11022	n12685	0.06214
30545	n12684	0.05473
n12699	n12683	0.01433
29306	n12699	0.01238
8176	n12699	0.01797
n12714	n12682	0.00591
38642	n12714	0.01252
n12721	n12714	0.04467
36165	n12721	0.00591
1434	n12721	0.15102
16466	n12673	0.01185
n12736	n12672	0.00016
n12737	n12736	0.00209
n12738	n12737	0.00016
n12739	n12738	0.00733
29440	n12739	0.00908
40251	n12739	0.00786
n12742	n12738	0.00012
36108	n12742	0.01403
n12750	n12742	0.00014
n12751	n12750	0.00011
n12753	n12751	0.00021
19560	n12753	0.02467
n12759	n12753	0.00525
n12760	n12759	0.0042
25616	n12760	0.00912
38732	n12760	0.02214
n12769	n12759	0.00697
20100	n12769	0.02632
21718	n12769	0.00907
31045	n12751	0.01804
25911	n12750	0.01756
34526	n12737	0.06461
32218	n12736	0.03154
7790	n12671	0.0122
n12789	n12669	0.00578
n12791	n12789	0.00847
31638	n12791	0.00299
5967	n12791	0.0091
n12801	n12789	0.00029
15272	n12801	0.0091
37492	n12801	0.00897
36168	n12591	0.07395
n12810	n12584	0.01792
1180	n12810	0.04719
n12813	n12810	0.03168
n12814	n12813	0.01434
n12815	n12814	0.0505
21174	n12815	0.06695
38991	n12815	0.00177
n12822	n12814	0.06197
13527	n12822	0.05366
n12824	n12822	0.03792
n12830	n12824	0.02111
31321	n12830	0.01217
13855	n12830	0.01235
n12842	n12824	0.01409
n12843	n12842	0.01997
14992	n12843	0.01216
n12847	n12843	0.00029
13996	n12847	0.01217
7712	n12847	0.01216
11336	n12842	0.01705
20564	n12813	0.05349
n12855	n11963	0.00449
n12871	n12855	0.05798
n12872	n12871	0.01677
n12873	n12872	0.0225
2243	n12873	0.03367
26790	n12873	0.01257
n12876	n12872	0.00014
28779	n12876	0.04744
n12878	n12876	0.04146
n12879	n12878	0.01424
5208	n12879	0.02429
n12881	n12879	0.00696
25979	n12881	0.01149
30067	n12881	0.00711
n12884	n12878	0.01631
n12885	n12884	0.004
25691	n12885	0.01342
35960	n12885	0.00015
n12888	n12884	0.01755
n12889	n12888	0.00014
7575	n12889	0.01353
n12891	n12889	0.00016
n12892	n12891	0.02769
n12893	n12892	0.00015
n12894	n12893	0.01449
28145	n12894	0.01145
33522	n12894	0.03867
n12897	n12893	0.00014
34549	n12897	0.00014
9969	n12897	0.01227
39356	n12892	0.01899
19254	n12891	0.017
35028	n12888	0.01354
n12905	n12871	0.05711
n12994	n12905	0.13615
24670	n12994	0.02692
38238	n12994	0.00537
38456	n12905	0.16888
n13103	n12855	0.00891
n13104	n13103	0.01864
n13105	n13104	0.00377
n13124	n13105	0.03088
n13126	n13124	0.0188
n13127	n13126	0.02777
695	n13127	0.00936
n13131	n13127	0.02641
2803	n13131	0.02411
n13133	n13131	0.01136
714	n13133	0.00015
32786	n13133	0.01834
n13138	n13126	0.00299
n13141	n13138	0.02942
n13142	n13141	0.02269
n13145	n13142	0.08337
20216	n13145	0.09418
39210	n13145	0.00151
n13148	n13142	0.00014
27033	n13148	0.01915
n13150	n13148	0.02643
36387	n13150	0.00943
5004	n13150	0.00014
31325	n13141	0.06655
n13154	n13138	0.03609
n13155	n13154	0.01766
8764	n13155	0.05067
n13161	n13155	0.02366
32718	n13161	0.01201
n13163	n13161	0.01339
28348	n13163	0.00014
10313	n13163	0.01997
n13166	n13154	0.02311
23487	n13166	0.06012
4534	n13166	0.0341
n13172	n13124	0.0057
n13173	n13172	0.02163
n13174	n13173	0.01435
1773	n13174	0.00014
n13176	n13174	0.0025
8032	n13176	0.01903
n13178	n13176	0.00016
23472	n13178	0.03429
18950	n13178	0.0061
n13181	n13173	0.01284
n13182	n13181	0.02899
31139	n13182	0.03051
n13184	n13182	0.02746
1698	n13184	0.01794
38753	n13184	0.00065
11080	n13181	0.06651
n13189	n13172	0.01651
28838	n13189	0.04125
n13193	n13189	0.00014
n13194	n13193	0.00015
n13195	n13194	0.00016
n13196	n13195	0.00345
n13197	n13196	0.00015
n13198	n13197	0.00539
n13199	n13198	0.03266
32773	n13199	0.00849
n13201	n13199	0.03318
31266	n13201	0.00799
40061	n13201	0.01801
n13204	n13198	0.01707
n13205	n13204	0.01082
n13214	n13205	0.03838
29658	n13214	0.00879
13741	n13214	0.04292
n13224	n13205	0.00984
14923	n13224	0.01222
n13226	n13224	0.01765
n13227	n13226	0.00864
n13228	n13227	0.0193
3436	n13228	0.00014
4862	n13228	0.01546
n13231	n13227	0.02424
1265	n13231	0.01281
n13233	n13231	0.00386
n13234	n13233	0.00345
9661	n13234	0.00908
24269	n13234	0.01011
n13241	n13233	0.00015
n13244	n13241	0.00492
29878	n13244	0.02815
n13246	n13244	0.00235
8321	n13246	0.0047
n13250	n13246	0.00014
846	n13250	0.01822
n13252	n13250	0.00014
n13253	n13252	0.00296
9973	n13253	0.00908
n13255	n13253	0.0029
10796	n13255	0.01225
32732	n13255	0.02421
n13264	n13252	0.00294
n13265	n13264	0.00016
n13266	n13265	0.00394
38071	n13266	0.01422
n13268	n13266	0.01224
31645	n13268	0.00759
6285	n13268	0.00397
n13271	n13265	0.00896
4633	n13271	0.00808
6130	n13271	0.01278
7020	n13264	0.0121
n13279	n13241	0.00046
n13282	n13279	0.00031
26015	n13282	0.0121
28082	n13282	0.0667
18989	n13279	0.01211
n13290	n13226	0.00465
19872	n13290	0.01218
39973	n13290	0.01519
n13298	n13204	0.03603
29531	n13298	0.00767
n13300	n13298	0.00502
n13301	n13300	0.00016
9816	n13301	0.00609
19538	n13301	0.02166
n13306	n13300	0.00222
n13307	n13306	0.00016
n13310	n13307	0.03686
9867	n13310	0.15175
4785	n13310	0.0074
n13317	n13307	0.0001
24162	n13317	0.00308
32612	n13317	0.02098
36456	n13306	0.02856
n13323	n13197	0.00322
n13324	n13323	0.00014
n13327	n13324	0.01061
n13328	n13327	0.00016
n13329	n13328	0.00014
32815	n13329	0.08193
n13335	n13329	0.01519
39798	n13335	0.02759
n13337	n13335	0.03753
22106	n13337	0.00016
33378	n13337	0.0089
n13340	n13328	0.00435
21125	n13340	0.01619
22752	n13340	0.01817
3980	n13327	0.00908
n13344	n13324	0.00104
n13345	n13344	0.00112
13152	n13345	0.01214
n13347	n13345	0.00095
n13348	n13347	0.00198
n13349	n13348	0.04333
26968	n13349	0.00296
570	n13349	0.06629
12083	n13348	0.01233
35886	n13347	0.00014
26505	n13344	0.01218
n13357	n13323	0.0091
20580	n13357	0.00897
n13359	n13357	0.00016
18466	n13359	0.00892
845	n13359	0.00296
n13362	n13196	0.00015
22438	n13362	0.01185
n13364	n13362	0.0064
n13365	n13364	0.00093
n13366	n13365	0.00016
14658	n13366	0.00605
n13368	n13366	0.00014
39260	n13368	0.00605
n13370	n13368	0.00014
35714	n13370	0.00604
n13374	n13370	0.00025
n13375	n13374	0.01189
n13376	n13375	0.00296
n13378	n13376	0.00742
n13379	n13378	0.00012
n13380	n13379	0.00015
4322	n13380	0.00451
n13384	n13380	0.00015
n13385	n13384	0.00014
n13388	n13385	0.00045
n13389	n13388	0.00014
n13390	n13389	0.00014
n13391	n13390	0.00014
n13392	n13391	0.00015
n13393	n13392	0.0001
32970	n13393	0.00603
n13395	n13393	0.00014
n13396	n13395	0.00014
31589	n13396	0.00602
n13398	n13396	0.00014
n13399	n13398	0.00014
n13400	n13399	0.003
22237	n13400	0.00302
n13402	n13400	0.00817
23158	n13402	0.0305
32407	n13402	0.02691
n13405	n13399	0.00014
n13406	n13405	0.00015
n13407	n13406	0.00014
n13409	n13407	0.00027
13054	n13409	0.00601
n13411	n13409	0.00015
n13412	n13411	0.00297
2157	n13412	0.00607
23795	n13412	0.01525
n13415	n13411	0.00015
25150	n13415	0.012
n13417	n13415	0.00016
15788	n13417	0.01796
379	n13417	0.016
n13425	n13407	0.00301
32747	n13425	0.00602
13408	n13425	0.00907
34339	n13406	0.006
n13431	n13405	0.01366
34218	n13431	0.00067
3162	n13431	0.01951
32052	n13398	0.00905
6547	n13395	0.00602
18807	n13392	0.00602
18997	n13391	0.00603
19244	n13390	0.00603
8937	n13389	0.00601
22796	n13388	0.00603
n13449	n13385	0.00296
9472	n13449	0.01513
1980	n13449	0.00302
n13452	n13384	0.00224
1309	n13452	0.00227
4770	n13452	0.003
n13455	n13379	0.00297
30227	n13455	0.00301
35555	n13455	0.003
19428	n13378	0.00597
3179	n13376	0.00604
23956	n13375	0.00603
38993	n13374	0.00605
9854	n13365	0.02749
n13468	n13364	0.01572
29312	n13468	0.0091
n13472	n13468	0.00026
19727	n13472	0.00604
n13480	n13472	0.00475
27834	n13480	0.04051
n13482	n13480	0.00015
n13483	n13482	0.00208
n13487	n13483	0.01929
16994	n13487	0.02646
7826	n13487	0.00014
n13495	n13483	0.00015
3205	n13495	0.01824
n13497	n13495	0.00015
n13498	n13497	0.00016
18358	n13498	0.00892
4723	n13498	0.00901
n13507	n13497	0.00014
14754	n13507	0.00902
n13509	n13507	0.00304
27248	n13509	0.00303
36241	n13509	0.00917
n13512	n13482	0.03639
31618	n13512	0.00331
13039	n13512	0.00322
n13515	n13195	0.00603
29699	n13515	0.00311
5670	n13515	0.03758
14338	n13194	0.00463
n13523	n13193	0.00768
n13524	n13523	0.01915
33497	n13524	0.04741
n13526	n13524	0.00595
5627	n13526	0.02352
18762	n13526	0.06145
n13529	n13523	0.01078
n13530	n13529	0.0071
n13531	n13530	0.04481
34219	n13531	0.04946
6734	n13531	0.01824
34635	n13530	0.00518
n13535	n13529	0.00015
n13536	n13535	0.00856
26549	n13536	0.01793
6738	n13536	0.05007
n13541	n13535	0.00015
n13542	n13541	0.00015
n13543	n13542	0.00014
9230	n13543	0.01215
n13545	n13543	0.00014
n13546	n13545	0.00015
n13547	n13546	0.00014
30626	n13547	0.01226
n13553	n13547	0.01216
14794	n13553	0.01525
33892	n13553	0.05145
6549	n13546	0.01216
31727	n13545	0.01212
6903	n13542	0.01215
31485	n13541	0.00014
27884	n13105	0.46915
n13657	n13104	0.0922
n13658	n13657	0.17641
16001	n13658	0.05403
4774	n13658	0.06327
33095	n13657	0.07839
n13763	n13103	0.03707
n13764	n13763	0.00928
n13771	n13764	0.03528
15824	n13771	0.01189
n13773	n13771	0.00015
39762	n13773	0.01533
n13775	n13773	0.00014
182	n13775	0
25182	n13775	0
n13786	n13764	0.10586
4157	n13786	0.02998
n13788	n13786	0.0051
30903	n13788	0.05995
n13790	n13788	0.00945
12513	n13790	0.02788
n13792	n13790	0.00247
32243	n13792	0.00928
n13794	n13792	0.00016
19883	n13794	0.00014
29250	n13794	0.01831
23643	n13763	0.09839
n13800	n11962	0.01856
n13801	n13800	0.07558
n13849	n13801	0.01743
n13850	n13849	0.01533
n13851	n13850	0.01072
n13852	n13851	0.02765
12618	n13852	0.02434
n13854	n13852	0.00871
9389	n13854	0.00016
n13856	n13854	0.00504
12643	n13856	0.02817
n13858	n13856	0.00806
n13859	n13858	0.00737
n13860	n13859	0.00014
n13861	n13860	0.00015
15695	n13861	0.01203
n13863	n13861	0.00011
n13864	n13863	0.00015
n13865	n13864	0.00016
n13866	n13865	0.00015
n13867	n13866	0.00014
n13868	n13867	0.00835
3109	n13868	0.01514
29803	n13868	0.01703
n13873	n13867	0.00341
16473	n13873	0.0121
38817	n13873	0.02668
n13876	n13866	0.01177
n13877	n13876	0.00015
33258	n13877	0.00593
n13879	n13877	0.00016
37424	n13879	0.00301
25840	n13879	0.04035
20741	n13876	0.00302
502	n13865	0.00306
n13884	n13864	0.00296
19467	n13884	0.00903
32801	n13884	0.02418
n13889	n13863	0.02118
38509	n13889	0.00257
29413	n13889	0.07133
18785	n13860	0.00014
n13893	n13859	0.01083
22780	n13893	0.0205
6722	n13893	0.05061
n13897	n13858	0.03452
15526	n13897	0.01814
n13899	n13897	0.00015
n13900	n13899	0.00011
n13901	n13900	0.00352
n13902	n13901	0.00896
14906	n13902	0.02142
20638	n13902	0.00296
n13905	n13901	0.00014
n13906	n13905	0.00322
n13907	n13906	0.00015
22407	n13907	0.00598
8913	n13907	0.01807
n13912	n13906	0.03248
30130	n13912	0.02894
40664	n13912	0.02283
n13921	n13905	0.00759
33008	n13921	0.01201
15094	n13921	0.00745
n13926	n13900	0.00012
40437	n13926	0.01201
n13928	n13926	0.00016
14159	n13928	0.00521
34591	n13928	0.01521
14720	n13899	0.00014
n13937	n13851	0.01552
n13938	n13937	0.00354
n13939	n13938	0.00316
14542	n13939	0.00896
n13942	n13939	0.00633
n13943	n13942	0.00835
185	n13943	0.00299
5264	n13943	0.0091
n13946	n13942	0.00014
28386	n13946	0.00596
n13948	n13946	0.00016
20614	n13948	0.01038
28656	n13948	0.00586
n13952	n13938	0.00015
n13953	n13952	0.0087
28459	n13953	0.01209
n13955	n13953	0.00871
n13956	n13955	0.00999
n13957	n13956	0.00016
29537	n13957	0.01504
n13959	n13957	0.00015
n13960	n13959	0.00015
n13961	n13960	0.00298
21519	n13961	0.00897
34474	n13961	0.00897
n13964	n13960	0.00015
37860	n13964	0.02519
n13968	n13964	0.00748
n13969	n13968	0.01231
388	n13969	0.01485
13240	n13969	0.01794
n13972	n13968	0.00243
3373	n13972	0.00016
38797	n13972	0.01833
31486	n13959	0.00014
n13976	n13956	0.0001
n13977	n13976	0.0089
2543	n13977	0.02443
9886	n13977	0.01844
6196	n13976	0.03428
n13981	n13955	0.00016
n13982	n13981	0.00014
n13983	n13982	0.00014
n13984	n13983	0.00014
n13985	n13984	0.00015
n13986	n13985	0.00016
2428	n13986	0.01197
13694	n13986	0.01575
n13989	n13985	0.00014
n13990	n13989	0.00014
n13991	n13990	0.00484
5970	n13991	0.00678
n13993	n13991	0.01383
22536	n13993	0.01096
4746	n13993	0.01503
n13996	n13990	0.00578
30669	n13996	0.02115
31189	n13996	0.00895
9760	n13989	0.01426
18286	n13984	0.01506
11936	n13983	0.00014
27194	n13982	0.01194
n14003	n13981	0.0076
15416	n14003	0.05037
5609	n14003	0.00278
n14007	n13952	0.00027
n14011	n14007	0.01509
29118	n14011	0.01193
n14013	n14011	0.00063
n14014	n14013	0.00016
22426	n14014	0.00921
n14016	n14014	0.0046
n14017	n14016	0.00354
n14018	n14017	0.04318
23575	n14018	0.06832
33516	n14018	0.00971
n14021	n14017	0.00769
n14022	n14021	0.00562
n14023	n14022	0.01148
942	n14023	0.00014
n14025	n14023	0.0114
19896	n14025	0.00899
4899	n14025	0.09121
36996	n14022	0.00598
n14033	n14021	0.0003
n14034	n14033	0.00597
21453	n14034	0.00599
17859	n14034	0.009
n14037	n14033	0.00015
n14038	n14037	0.00014
n14039	n14038	0.00014
n14042	n14039	0.00029
2814	n14042	0.00893
22493	n14042	0.027
n14047	n14039	0.0075
11715	n14047	0.02022
32887	n14047	0.00338
21150	n14038	0.02788
n14059	n14037	0.00298
39089	n14059	0.00596
6382	n14059	0.00596
18926	n14016	0.01338
n14065	n14013	0.01197
2765	n14065	0.00597
2771	n14065	0.01205
3138	n14007	0.01496
n14073	n13937	0.0076
n14074	n14073	0.00303
n14075	n14074	0.00277
10947	n14075	0.03331
7858	n14075	0.00915
n14078	n14074	0.00015
35591	n14078	0.01199
n14080	n14078	0.00357
n14081	n14080	0.003
10298	n14081	0.009
37465	n14081	0.00298
n14092	n14080	0.00481
113	n14092	0.01425
n14094	n14092	0.02332
4227	n14094	0.0289
n14096	n14094	0.02621
26570	n14096	0.20862
40433	n14096	0.00014
n14099	n14073	0.00015
n14103	n14099	0.00045
12383	n14103	0.01198
n14110	n14103	0.00043
18581	n14110	0.01199
n14112	n14110	0.00348
n14114	n14112	0.0078
n14117	n14114	0.00031
n14118	n14117	0.00014
33970	n14118	0.02077
n14122	n14118	0.01028
29469	n14122	0.00601
40744	n14122	0.00602
n14125	n14117	0.00325
19719	n14125	0.00658
27652	n14125	0.00598
2883	n14114	0.00897
n14132	n14112	0.00624
16027	n14132	0.01155
18736	n14132	0.01278
25380	n14099	0.01538
n14144	n13850	0.01848
n14145	n14144	0.01217
n14148	n14145	0.00045
20186	n14148	0.01324
n14166	n14148	0.01653
2311	n14166	0.06258
37547	n14166	0.0587
n14187	n14145	0.00431
n14188	n14187	0.02913
5736	n14188	0.00015
n14190	n14188	0.04582
n14191	n14190	0.00464
25936	n14191	0.00015
29935	n14191	0.03438
n14194	n14190	0.01935
26380	n14194	0.0183
21419	n14194	0.06034
n14197	n14187	0.01645
39271	n14197	0.01233
n14199	n14197	0.00358
20666	n14199	0.01062
n14201	n14199	0.02979
4788	n14201	0.0063
7090	n14201	0.01637
n14204	n14144	0.01206
39624	n14204	0.0479
n14206	n14204	0.02415
17699	n14206	0.01983
n14211	n14206	0.03408
n14212	n14211	0.00014
n14213	n14212	0.00297
n14214	n14213	0.00015
n14215	n14214	0.00016
20203	n14215	0.01201
27314	n14215	0.01189
25623	n14214	0.02787
n14219	n14213	0.00286
26655	n14219	0.00911
11894	n14219	0.04639
n14222	n14212	0.01006
4695	n14222	0.0217
n14226	n14222	0.02889
7380	n14226	0.04328
n14228	n14226	0.00676
14934	n14228	0.00014
17168	n14228	0.01072
n14231	n14211	0.00014
34290	n14231	0.01502
n14233	n14231	0.00014
33986	n14233	0.01194
8900	n14233	0.01174
28039	n13849	0.04203
n14249	n13801	0.00015
n14250	n14249	0.02082
n14251	n14250	0.03934
n14252	n14251	0.04818
33812	n14252	0.03365
n14254	n14252	0.00015
11350	n14254	0.00595
38182	n14254	0.00954
26932	n14251	0.11755
n14263	n14250	0.04311
1108	n14263	0.00818
12364	n14263	0.02834
n14269	n14249	0.00076
n14270	n14269	0.02184
n14272	n14270	0.02798
n14273	n14272	0.02698
35660	n14273	0.00908
n14275	n14273	0.00016
n14276	n14275	0.00014
29183	n14276	0.00905
n14278	n14276	0.0201
n14279	n14278	0.02568
17609	n14279	0.0092
n14281	n14279	0.0158
13354	n14281	0.00014
31203	n14281	0.03015
28223	n14278	0.02138
n14285	n14275	0.02079
38867	n14285	0.04775
n14287	n14285	0.00014
3053	n14287	0.00014
6538	n14287	0.00012
n14290	n14272	0.05937
33217	n14290	0.04195
3471	n14290	0.01511
n14302	n14270	0.0214
n14305	n14302	0.06302
36233	n14305	0.01323
4957	n14305	0.02796
n14308	n14302	0.01766
n14309	n14308	0.06182
29433	n14309	0.01555
36292	n14309	0.09338
n14314	n14308	0.03065
n14315	n14314	0.01959
n14316	n14315	0.02177
13018	n14316	0.00923
40538	n14316	0.00015
n14321	n14315	0.00028
n14322	n14321	0.01546
25066	n14322	0.00305
6421	n14322	0.00305
32626	n14321	0.00639
n14326	n14314	0.02378
n14327	n14326	0.00015
39777	n14327	0.01574
n14333	n14327	0.03127
33528	n14333	0.00788
n14335	n14333	0.00744
28901	n14335	0.03601
36833	n14335	0.02467
n14342	n14326	0.06689
21795	n14342	0.00413
31910	n14342	0.0065
n14347	n14269	0.04823
n14348	n14347	0.009
n14349	n14348	0.02189
35059	n14349	0.00014
n14351	n14349	0.01886
13122	n14351	0.00014
7609	n14351	0.01239
8855	n14348	0.04068
n14355	n14347	0.00748
38383	n14355	0.00775
n14357	n14355	0.00661
n14358	n14357	0.00266
2864	n14358	0.00316
n14360	n14358	0.02149
11784	n14360	0.00016
29303	n14360	0.01892
27590	n14357	0.00752
n14374	n13800	0.03625
n14375	n14374	0.03071
40851	n14375	0.27585
n14417	n14375	0.01298
2620	n14417	0.10059
n14419	n14417	0.01968
n14424	n14419	0.16015
12987	n14424	0.13496
n14426	n14424	0.0315
26059	n14426	0.0935
n14428	n14426	0.01831
19324	n14428	0.01477
79	n14428	0.00016
n14431	n14419	0.0442
39439	n14431	0.06787
n14433	n14431	0.05938
n14434	n14433	0.00015
n14435	n14434	0.00014
n14436	n14435	0.00337
n14437	n14436	0.00014
n14438	n14437	0.0001
27613	n14438	0.01214
n14440	n14438	0.00016
15537	n14440	0.01215
n14442	n14440	0.00439
33920	n14442	0.02288
34571	n14442	0.01141
n14445	n14437	0.00601
n14446	n14445	0.00301
20689	n14446	0.01853
6052	n14446	0.00299
5545	n14445	0.01218
8290	n14436	0.01522
n14451	n14435	0.003
n14452	n14451	0.00016
17295	n14452	0.00908
25447	n14452	0.02146
31224	n14451	0.02806
n14456	n14434	0.01733
36468	n14456	0.15411
n14458	n14456	0.00499
n14459	n14458	0.00233
6500	n14459	0.00937
34535	n14459	0.00956
n14462	n14458	0.00014
n14463	n14462	0.00016
n14464	n14463	0.00014
n14465	n14464	0.00011
19274	n14465	0.01248
20907	n14465	0.01259
28391	n14464	0.00014
n14469	n14463	0.00289
3619	n14469	0.01574
n14471	n14469	0.00587
22347	n14471	0.00932
n14473	n14471	0.00015
39222	n14473	0.00309
n14475	n14473	0.00014
39281	n14475	0.00934
5175	n14475	0.00938
n14478	n14462	0.00619
16026	n14478	0.02516
6735	n14478	0.00015
37023	n14433	0.00683
n14490	n14374	0.05096
38423	n14490	0.08146
n14654	n14490	0.0194
n14660	n14654	0.02683
n14661	n14660	0.00714
n14662	n14661	0.0261
n14663	n14662	0.01211
n14664	n14663	0.00423
12328	n14664	0.00371
n14666	n14664	0.01563
n14668	n14666	0.01798
n14669	n14668	0.00339
166	n14669	0.01235
n14671	n14669	0.00016
n14672	n14671	0.00851
39445	n14672	0.02081
n14674	n14672	0.00039
n14675	n14674	0.00268
38828	n14675	0.03727
25402	n14675	0.02279
n14678	n14674	0.00298
n14679	n14678	0.00269
n14680	n14679	0.00392
17570	n14680	0.04718
25556	n14680	0.00939
n14683	n14679	0.00015
n14684	n14683	0.00014
n14685	n14684	0.00014
n14686	n14685	0.00303
34806	n14686	0.01242
4137	n14686	0.00929
n14691	n14685	0.00028
n14692	n14691	0.00553
26144	n14692	0.00911
10178	n14692	0.00816
n14697	n14691	0.00682
22812	n14697	0.0214
26349	n14697	0.03093
35981	n14684	0.0219
n14701	n14683	0.00329
n14702	n14701	0.00014
16713	n14702	0.00931
n14704	n14702	0.09296
30806	n14704	0.01513
n14706	n14704	0.00014
2768	n14706	0.03044
16977	n14706	0.00014
12433	n14701	0.00925
30606	n14678	0.0095
n14711	n14671	0.00015
n14712	n14711	0.00015
n14713	n14712	0.00015
n14714	n14713	0.00015
n14716	n14714	0.00469
15602	n14716	0.01183
n14718	n14716	0.00842
16888	n14718	0.01545
12659	n14718	0.00014
13176	n14714	0.00014
260	n14713	0.01863
n14724	n14712	0.0035
24487	n14724	0.01177
n14726	n14724	0.00304
32857	n14726	0.00975
33420	n14726	0.01486
n14729	n14711	0.00015
35828	n14729	0.00705
n14731	n14729	0.00232
24720	n14731	0.00927
6638	n14731	0.00234
n14734	n14668	0.02233
n14735	n14734	0.00014
n14737	n14735	0.02026
n14738	n14737	0.00838
406	n14738	0.01236
n14740	n14738	0.00268
n14741	n14740	0.00331
27962	n14741	0.02481
n14743	n14741	0.01507
17222	n14743	0.0448
23331	n14743	0.01621
n14746	n14740	0.00015
n14747	n14746	0.00014
23399	n14747	0
35608	n14747	0
n14750	n14746	0.00015
n14751	n14750	0.00011
n14752	n14751	0.01232
17984	n14752	0.00611
36155	n14752	0.00613
4853	n14751	0.01233
n14756	n14750	0.00931
712	n14756	0.01858
n14758	n14756	0.00015
17521	n14758	0.00612
n14760	n14758	0.00015
9752	n14760	0.01935
24214	n14760	0.00922
3738	n14737	0.00306
1067	n14735	0.00243
27317	n14734	0.12172
n14772	n14666	0.01925
n14773	n14772	0.08047
3114	n14773	0.00848
32249	n14773	0.01946
n14776	n14772	0.01169
n14777	n14776	0.02097
4540	n14777	0.06938
n14779	n14777	0.03991
14665	n14779	0.03244
13301	n14779	0.02927
35516	n14776	0.08174
17039	n14663	0.01891
15624	n14662	0.00014
n14787	n14661	0.02129
n14802	n14787	0.12844
n14803	n14802	0.02723
n14804	n14803	0.00758
n14811	n14804	0.04261
6308	n14811	0.03031
n14841	n14811	0.01158
28906	n14841	0.01603
n14848	n14841	0.00045
13700	n14848	0.00014
n14852	n14848	0.00014
n14856	n14852	0.02409
n14857	n14856	0.01405
n14858	n14857	0.00016
16512	n14858	0.01389
28775	n14858	0.00939
28318	n14857	0.00311
n14866	n14856	0.02625
14576	n14866	0.02152
642	n14866	0.0713
n14872	n14852	0.00617
n14873	n14872	0.00626
20973	n14873	0.00321
8165	n14873	0.04223
n14878	n14872	0.00446
16043	n14878	0.01826
17244	n14878	0.01466
n14974	n14804	0.07378
38834	n14974	0.0126
25387	n14974	0.03326
n15315	n14803	0.0113
n15316	n15315	0.00782
n15407	n15316	0.04558
n15408	n15407	0.00015
n15409	n15408	0.00014
17287	n15409	0.00014
n15412	n15409	0.00642
340	n15412	0.00946
40352	n15412	0.00629
n15416	n15408	0.00014
25242	n15416	0.15443
n15424	n15416	0.01242
33407	n15424	0.01248
37452	n15424	0.01914
n15430	n15407	0.01449
n15431	n15430	0.00015
22971	n15431	0.00014
n15433	n15431	0.00748
3676	n15433	0.02636
27168	n15433	0.00867
7283	n15430	0.01813
n15443	n15316	0.03889
22049	n15443	0
6140	n15443	0
35530	n15315	0.01762
n15466	n14802	0.10443
25391	n15466	0.04966
8096	n15466	0.01523
n15499	n14787	0.15051
16366	n15499	0.07226
n15501	n15499	0.02416
n15516	n15501	0.04001
n15517	n15516	0.02166
n15518	n15517	0.10145
26490	n15518	0.03107
37813	n15518	0.01183
n15521	n15517	0.00961
n15522	n15521	0.00631
n15523	n15522	0.00015
40674	n15523	0.0329
38392	n15523	0.00014
30719	n15522	0.05104
n15527	n15521	0.0019
10103	n15527	0.04745
n15529	n15527	0.00108
33093	n15529	0.01201
n15531	n15529	0.00014
n15532	n15531	0.00015
29330	n15532	0.0121
3755	n15532	0.01257
36435	n15531	0.00014
14525	n15516	0.04949
20935	n15501	0.06376
n15574	n14660	0.09465
n15575	n15574	0.01829
36178	n15575	0.04198
n15577	n15575	0.04478
32867	n15577	0.13467
n15579	n15577	0.04387
227	n15579	0.05065
n15581	n15579	0.01468
n15582	n15581	0.03276
13282	n15582	0.03545
n15584	n15582	0.00015
n15585	n15584	0.00014
n15586	n15585	0.00015
n15587	n15586	0.00014
12478	n15587	0.00995
22330	n15587	0.00014
n15590	n15586	0.01218
10986	n15590	0.03755
n15592	n15590	0.00014
33466	n15592	0.00929
5687	n15592	0.01236
1572	n15585	0.00014
26767	n15584	0.01239
n15597	n15581	0.00707
n15598	n15597	0.02077
n15599	n15598	0.00454
n15600	n15599	0.01712
3493	n15600	0.00617
12821	n15600	0.0125
n15603	n15599	0.00735
8881	n15603	0.07451
4717	n15603	0.03483
n15606	n15598	0.00883
14270	n15606	0.02612
n15608	n15606	0.00015
n15609	n15608	0.00015
25094	n15609	0.0293
34868	n15609	0.01231
n15612	n15608	0.00712
13802	n15612	0.00617
19425	n15612	0.00796
n15615	n15597	0.01315
15138	n15615	0.01562
n15617	n15615	0.02161
n15618	n15617	0.01871
19432	n15618	0.00607
n15620	n15618	0.00014
6564	n15620	0.02503
n15622	n15620	0.00016
23657	n15622	0.01876
n15624	n15622	0.00584
n15625	n15624	0.002
2182	n15625	0.05262
30389	n15625	0.0296
15251	n15624	0.01243
10160	n15617	0.01177
15315	n15574	0.04785
n15639	n14654	0.03366
n15640	n15639	0.00065
16766	n15640	0.1139
n15694	n15640	0.02035
5276	n15694	0.24411
6530	n15694	0.19017
n16556	n15639	0.01874
21202	n16556	0.02033
n16562	n16556	0.00014
n16563	n16562	0.0075
35952	n16563	0.03359
28199	n16563	0.03247
n16582	n16562	0.00012
n16583	n16582	0.0001
28636	n16583	0.02128
n16591	n16583	0.01936
n16594	n16591	0.00756
6120	n16594	0.009
n16596	n16594	0.00329
19023	n16596	0.01984
33024	n16596	0.0082
n16599	n16591	0.00012
16139	n16599	0.10344
n16617	n16599	0.00015
n16626	n16617	0.00044
n16627	n16626	0.00014
n16637	n16627	0.00057
n16639	n16637	0.00316
37113	n16639	0.0245
37292	n16639	0.00894
1118	n16637	0.01335
364	n16627	0.01208
15546	n16626	0.01207
n16694	n16617	0.06404
n16699	n16694	0.01699
8889	n16699	0.09882
n16709	n16699	0.03783
18381	n16709	0.03521
26437	n16709	0.01299
30517	n16694	0.03984
n16755	n16582	0.00737
n16756	n16755	0.00014
14275	n16756	0.03898
28359	n16756	0.01827
n16825	n16755	0.00126
n16826	n16825	0.0011
35752	n16826	0.02573
n16834	n16826	0.00014
28321	n16834	0.00228
5188	n16834	0.00936
18684	n16825	0.01191
